"model","block","year_month","cross_sec_sd","cross_sec_sd_w","fragmentation_index"
"factor_midas","Expenditures","2013-01",4.28536556234082,2.37313356101167,120.658771752778
"factor_midas","Expenditures","2013-02",2.89411785428365,1.16138336790193,120.658771752778
"factor_midas","Expenditures","2013-03",0.773642858026061,0.472173760640283,120.658771752778
"factor_midas","Expenditures","2013-04",1.20324351486451,0.888240280855457,120.658771752778
"factor_midas","Expenditures","2013-05",2.05130043390797,1.3085599934809,120.658771752778
"factor_midas","Expenditures","2013-06",0.761975031615711,0.51705071833566,120.658771752778
"factor_midas","Expenditures","2013-07",0.0987980369484241,0.0829319660383148,120.658771752778
"factor_midas","Expenditures","2013-08",0.596713329724525,0.500321176760584,120.658771752778
"factor_midas","Expenditures","2013-09",0.120002186589514,0.111940901981892,120.658771752778
"factor_midas","Expenditures","2013-10",0.338624657050986,0.261585438182027,120.658771752778
"factor_midas","Expenditures","2013-11",1.79417524974546,1.61807727194706,120.658771752778
"factor_midas","Expenditures","2013-12",0.108993502247414,0.0875915125163682,120.658771752778
"factor_midas","Expenditures","2014-01",0.178186137435409,0.121040567202715,120.658771752778
"factor_midas","Expenditures","2014-02",2.03351723326045,1.45848094288325,120.658771752778
"factor_midas","Expenditures","2014-03",0.289045232727084,0.221437397013114,120.658771752778
"factor_midas","Expenditures","2014-04",0.681946316349098,0.662619532943006,120.658771752778
"factor_midas","Expenditures","2014-05",0.387513159785339,0.326209155184677,120.658771752778
"factor_midas","Expenditures","2014-06",0.52538977387814,0.500611827624704,120.658771752778
"factor_midas","Expenditures","2014-07",0.344548713277301,0.31323549453461,120.658771752778
"factor_midas","Expenditures","2014-08",0.803465329382421,0.606362896070918,120.658771752778
"factor_midas","Expenditures","2014-09",0.13769836643905,0.0932372723113245,120.658771752778
"factor_midas","Expenditures","2014-10",0.811942873706215,0.774953742989682,120.658771752778
"factor_midas","Expenditures","2014-11",1.01638563787718,0.887338084100746,120.658771752778
"factor_midas","Expenditures","2014-12",0.753738157851955,0.71812410166048,120.658771752778
"factor_midas","Expenditures","2015-01",0.639732269912542,0.626812693822196,120.658771752778
"factor_midas","Expenditures","2015-02",1.38045214813981,1.31964817182164,120.658771752778
"factor_midas","Expenditures","2015-03",0.126625033755377,0.110538099436321,120.658771752778
"factor_midas","Expenditures","2015-04",0.524483557492989,0.431960455840132,120.658771752778
"factor_midas","Expenditures","2015-05",1.08903243312052,0.962468748114749,120.658771752778
"factor_midas","Expenditures","2015-06",0.623610005007477,0.431794467876242,120.658771752778
"factor_midas","Expenditures","2015-07",0.532793012656304,0.523554969718644,120.658771752778
"factor_midas","Expenditures","2015-08",0.69321734584586,0.502399639136912,120.658771752778
"factor_midas","Expenditures","2015-09",0.219844737424156,0.214606821320826,120.658771752778
"factor_midas","Expenditures","2015-10",0.0625165509105099,0.0509953563697716,120.658771752778
"factor_midas","Expenditures","2015-11",1.37028604301861,1.21230486382406,120.658771752778
"factor_midas","Expenditures","2015-12",2.48065118586122,2.3843160203244,120.658771752778
"factor_midas","Expenditures","2016-01",0.231827813435248,0.210890737371079,120.658771752778
"factor_midas","Expenditures","2016-02",0.632778492627524,0.549196738368847,120.658771752778
"factor_midas","Expenditures","2016-03",0.164822669528433,0.161785764793305,120.658771752778
"factor_midas","Expenditures","2016-04",0.101877264478351,0.0850660447933366,120.658771752778
"factor_midas","Expenditures","2016-05",0.350695148458023,0.323906207380304,120.658771752778
"factor_midas","Expenditures","2016-06",0.139356471708626,0.10098871784498,120.658771752778
"factor_midas","Expenditures","2016-07",0.142099342186098,0.130462848289965,120.658771752778
"factor_midas","Expenditures","2016-08",0.373507278205234,0.265860448847113,120.658771752778
"factor_midas","Expenditures","2016-09",0.19147026820705,0.187846482119744,120.658771752778
"factor_midas","Expenditures","2016-10",0.969369039079937,0.935675541261494,120.658771752778
"factor_midas","Expenditures","2016-11",0.255978344056802,0.183499047742429,120.658771752778
"factor_midas","Expenditures","2016-12",0.379419939675671,0.372662384760927,120.658771752778
"factor_midas","Expenditures","2017-01",0.248288677834731,0.23521891875453,120.658771752778
"factor_midas","Expenditures","2017-02",0.375643899995035,0.327680952036034,120.658771752778
"factor_midas","Expenditures","2017-03",0.336413978390897,0.325614575897212,120.658771752778
"factor_midas","Expenditures","2017-04",0.0417457254714589,0.0397654773757954,120.658771752778
"factor_midas","Expenditures","2017-05",0.219087318287957,0.215999172977351,120.658771752778
"factor_midas","Expenditures","2017-06",0.0953857529301274,0.0795115149446746,120.658771752778
"factor_midas","Expenditures","2017-07",0.104329551890163,0.101475389199294,120.658771752778
"factor_midas","Expenditures","2017-08",0.666532469883884,0.463940481233566,120.658771752778
"factor_midas","Expenditures","2017-09",0.392220896698037,0.289371763787317,120.658771752778
"factor_midas","Expenditures","2017-10",0.10832111244127,0.0884236353741002,120.658771752778
"factor_midas","Expenditures","2017-11",0.551829328205749,0.425193721462349,120.658771752778
"factor_midas","Expenditures","2017-12",0.077752947443669,0.0756319934697563,120.658771752778
"factor_midas","Expenditures","2018-01",0.0961374561069421,0.0770056328243156,120.658771752778
"factor_midas","Expenditures","2018-02",0.641762115500995,0.441940432263025,120.658771752778
"factor_midas","Expenditures","2018-03",0.0785078636356204,0.0725166165946101,120.658771752778
"factor_midas","Expenditures","2018-04",0.191024555344219,0.189156019053433,120.658771752778
"factor_midas","Expenditures","2018-05",0.598998293129496,0.501541241376586,120.658771752778
"factor_midas","Expenditures","2018-06",0.118896598787751,0.0930050346999065,120.658771752778
"factor_midas","Expenditures","2018-07",0.124675603476576,0.0887085797880577,120.658771752778
"factor_midas","Expenditures","2018-08",0.480154313167879,0.4444079505466,120.658771752778
"factor_midas","Expenditures","2018-09",0.144151552363717,0.13940141853846,120.658771752778
"factor_midas","Expenditures","2018-10",0.104667117023824,0.0857700853445759,120.658771752778
"factor_midas","Expenditures","2018-11",0.395826284952438,0.277012328306853,120.658771752778
"factor_midas","Expenditures","2018-12",0.103851032450501,0.0790177341870167,120.658771752778
"factor_midas","Expenditures","2019-01",0.203536970255288,0.194193901818492,120.658771752778
"factor_midas","Expenditures","2019-02",0.111057727961515,0.0965787318876737,120.658771752778
"factor_midas","Expenditures","2019-03",0.12631352883397,0.110648412378298,120.658771752778
"factor_midas","Expenditures","2019-04",0.128636697792744,0.119716453960011,120.658771752778
"factor_midas","Expenditures","2019-05",0.0957246031412169,0.0769927772317862,120.658771752778
"factor_midas","Expenditures","2019-06",0.0250099094590082,0.0190011012430493,120.658771752778
"factor_midas","Expenditures","2019-07",0.0945665122438282,0.093627457191273,120.658771752778
"factor_midas","Expenditures","2019-08",0.622273607926731,0.599624445266817,120.658771752778
"factor_midas","Expenditures","2019-09",0.193743356806153,0.179330374991227,120.658771752778
"factor_midas","Expenditures","2019-10",0.076704420390043,0.0626329114936318,120.658771752778
"factor_midas","Expenditures","2019-11",0.267420742818371,0.192536560705988,120.658771752778
"factor_midas","Expenditures","2019-12",0.0654866505768973,0.0600569176555194,120.658771752778
"factor_midas","Expenditures","2020-01",0.106737469414524,0.0977022984023165,120.658771752778
"factor_midas","Expenditures","2020-02",0.71599388606197,0.550480552577853,120.658771752778
"factor_midas","Expenditures","2020-03",0.800097041454745,0.678688029953104,120.658771752778
"factor_midas","Expenditures","2020-04",1.51021915182144,1.05826780616026,120.658771752778
"factor_midas","Expenditures","2020-05",1.25240926579569,0.920249551006909,120.658771752778
"factor_midas","Expenditures","2020-06",1.22208408219951,0.878216606772683,120.658771752778
"factor_midas","Expenditures","2020-07",0.933997536744707,0.713178049265963,120.658771752778
"factor_midas","Expenditures","2020-08",5.16093501181738,4.85036719960295,120.658771752778
"factor_midas","Expenditures","2020-09",1.04059919221664,0.983369417918085,120.658771752778
"factor_midas","Expenditures","2020-10",0.622198826903483,0.534859709909515,120.658771752778
"factor_midas","Expenditures","2020-11",0.942202583560907,0.74148761822646,120.658771752778
"factor_midas","Expenditures","2020-12",0.153030339842138,0.152754356983557,120.658771752778
"factor_midas","Expenditures","2021-01",2.47108941026596,2.41674383675811,120.658771752778
"factor_midas","Expenditures","2021-02",2.79271209523396,2.56411982244166,120.658771752778
"factor_midas","Expenditures","2021-03",0.495118073273225,0.374957510792834,120.658771752778
"factor_midas","Expenditures","2021-04",0.237373856472605,0.172188389936205,120.658771752778
"factor_midas","Expenditures","2021-05",0.549613043039645,0.47345823160094,120.658771752778
"factor_midas","Expenditures","2021-06",0.440146117905084,0.3974313374043,120.658771752778
"factor_midas","Expenditures","2021-07",0.346358278375908,0.342987935193243,120.658771752778
"factor_midas","Expenditures","2021-08",0.539208358686792,0.383767445798131,120.658771752778
"factor_midas","Expenditures","2021-09",0.281561967207249,0.264997094582805,120.658771752778
"factor_midas","Expenditures","2021-10",0.326847675800135,0.279139970956053,120.658771752778
"factor_midas","Expenditures","2021-11",1.4595371648346,1.03028728788175,120.658771752778
"factor_midas","Expenditures","2021-12",0.290456956965161,0.258210502417038,120.658771752778
"factor_midas","Expenditures","2022-01",2.74427979794764,2.72677651305839,120.658771752778
"factor_midas","Expenditures","2022-02",2.35138552884293,2.28852931785941,120.658771752778
"factor_midas","Expenditures","2022-03",0.507657917636858,0.498871241054569,120.658771752778
"factor_midas","Expenditures","2022-04",1.46052905196667,1.36263351110113,120.658771752778
"factor_midas","Expenditures","2022-05",0.499336899732993,0.366156873039504,120.658771752778
"factor_midas","Expenditures","2022-06",0.677834070953179,0.628600006610206,120.658771752778
"factor_midas","Expenditures","2022-07",1.31008599952589,1.24664149318789,120.658771752778
"factor_midas","Expenditures","2022-08",0.263102663451142,0.254737623300777,120.658771752778
"factor_midas","Expenditures","2022-09",0.731424319357447,0.710877496820743,120.658771752778
"factor_midas","Expenditures","2022-10",0.957315252556744,0.803454273570473,120.658771752778
"factor_midas","Expenditures","2022-11",0.583972138546728,0.472188190356468,120.658771752778
"factor_midas","Expenditures","2022-12",0.191274023590557,0.159866107547621,120.658771752778
"factor_midas","Expenditures","2023-01",0.880378728456433,0.714479713458092,120.658771752778
"factor_midas","Expenditures","2023-02",0.42093502449902,0.38317532296054,120.658771752778
"factor_midas","Expenditures","2023-03",0.325734825793399,0.249969722919057,120.658771752778
"factor_midas","Expenditures","2023-04",0.0981217299398337,0.0915296982213162,120.658771752778
"factor_midas","Expenditures","2023-05",0.37590927691784,0.28353771638759,120.658771752778
"factor_midas","Expenditures","2023-06",0.393011356653579,0.35222340356268,120.658771752778
"factor_midas","Expenditures","2023-07",0.240921033716419,0.176282298237013,120.658771752778
"factor_midas","Expenditures","2023-08",0.601655333451742,0.452873454199017,120.658771752778
"factor_midas","Expenditures","2023-09",0.101467071556419,0.0934685871081425,120.658771752778
"factor_midas","Expenditures","2023-10",0.162304389462954,0.136030396690815,120.658771752778
"factor_midas","Expenditures","2023-11",0.246018742918768,0.227765622064178,120.658771752778
"factor_midas","Expenditures","2023-12",0.0760001091789686,0.0615613483765232,120.658771752778
"factor_midas","Expenditures","2024-01",0.413809772373262,0.350879329957329,120.658771752778
"factor_midas","Expenditures","2024-02",0.212661338319254,0.170850749395394,120.658771752778
"factor_midas","Expenditures","2024-03",0.166594704015304,0.147034065432922,120.658771752778
"factor_midas","Expenditures","2024-04",0.349580016529075,0.280637692027997,120.658771752778
"factor_midas","Expenditures","2024-05",0.107171933668971,0.0784407008341893,120.658771752778
"factor_midas","Expenditures","2024-06",0.118265649120865,0.105055045297373,120.658771752778
"factor_midas","Expenditures","2024-07",0.210893234427821,0.193408054746718,120.658771752778
"factor_midas","Expenditures","2024-08",0.307964911638796,0.257735176822261,120.658771752778
"factor_midas","Expenditures","2024-09",0.0410202455137913,0.0388147716421944,120.658771752778
"factor_midas","Expenditures","2024-10",0.24668896879864,0.234942077500037,120.658771752778
"factor_midas","Expenditures","2024-11",0.293804549833657,0.225823172060816,120.658771752778
"factor_midas","Expenditures","2024-12",0.116208812892849,0.108540696075325,120.658771752778
"factor_midas","Expenditures","2025-01",0.269463809307514,0.207111795269844,120.658771752778
"factor_midas","Expenditures","2025-02",0.53297932484428,0.458713705086382,120.658771752778
"factor_midas","Expenditures","2025-03",0.22957369454872,0.193627291221458,120.658771752778
"factor_midas","Expenditures","2025-04",0.166183684873988,0.156650324876111,120.658771752778
"factor_midas","Expenditures","2025-05",0.580076270705596,0.506888776700322,120.658771752778
"factor_midas","Expenditures","2025-06",0.282412835464829,0.207124154904621,120.658771752778
"factor_midas","Expenditures","2025-07",0.150726214261465,0.123991421531448,120.658771752778
"factor_midas","Expenditures","2025-08",0.127591407722896,0.110821254879093,120.658771752778
"factor_midas","Expenditures","2025-09",0.0970037488282409,0.0787998128774827,120.658771752778
"factor_midas","Revenues","2013-01",NA,NA,NA
"factor_midas","Revenues","2013-02",NA,NA,NA
"factor_midas","Revenues","2013-03",2.71724562307462,1.09040613825462,NA
"factor_midas","Revenues","2013-04",0.361223201841518,0.144418785876655,NA
"factor_midas","Revenues","2013-05",2.06382648872022,0.825127827452854,NA
"factor_midas","Revenues","2013-06",1.25383390833525,0.804602548124843,NA
"factor_midas","Revenues","2013-07",0.0943699806008329,0.0377082091424215,NA
"factor_midas","Revenues","2013-08",0.269408900297756,0.107649986707403,NA
"factor_midas","Revenues","2013-09",0.251646645836798,0.160542919052271,NA
"factor_midas","Revenues","2013-10",0.17910322179231,0.133369516915935,NA
"factor_midas","Revenues","2013-11",0.521744535010384,0.377523170143887,NA
"factor_midas","Revenues","2013-12",0.139645587930967,0.0786867075281941,NA
"factor_midas","Revenues","2014-01",0.573356673428796,0.419927195218921,NA
"factor_midas","Revenues","2014-02",0.165081932544879,0.130549094102915,NA
"factor_midas","Revenues","2014-03",0.523823162644517,0.508464759137126,NA
"factor_midas","Revenues","2014-04",0.394448225880481,0.311109951609443,NA
"factor_midas","Revenues","2014-05",1.34327350186825,1.18907667093006,NA
"factor_midas","Revenues","2014-06",0.910576155685402,0.836061121170326,NA
"factor_midas","Revenues","2014-07",0.275569947825265,0.240458958448803,NA
"factor_midas","Revenues","2014-08",0.198875113681161,0.191899845749559,NA
"factor_midas","Revenues","2014-09",0.862111997141117,0.794983985890872,NA
"factor_midas","Revenues","2014-10",0.326418719548847,0.281078724380776,NA
"factor_midas","Revenues","2014-11",0.135292124600503,0.125939160184908,NA
"factor_midas","Revenues","2014-12",0.331519975030736,0.221632044564361,NA
"factor_midas","Revenues","2015-01",1.12003750890701,0.764748219255372,NA
"factor_midas","Revenues","2015-02",1.1213255225478,0.779669802119621,NA
"factor_midas","Revenues","2015-03",0.519770228704776,0.348844459452918,NA
"factor_midas","Revenues","2015-04",1.42289299442238,0.960781955114016,NA
"factor_midas","Revenues","2015-05",0.17300554146933,0.157176509233948,NA
"factor_midas","Revenues","2015-06",0.438091732546923,0.393952674023495,NA
"factor_midas","Revenues","2015-07",0.437747145444682,0.294854166675014,NA
"factor_midas","Revenues","2015-08",0.409515667718593,0.316809134738144,NA
"factor_midas","Revenues","2015-09",0.449375659854932,0.318865610978627,NA
"factor_midas","Revenues","2015-10",0.31882636317936,0.224219209791053,NA
"factor_midas","Revenues","2015-11",0.684699177966869,0.486891026093133,NA
"factor_midas","Revenues","2015-12",0.180835653733791,0.156805205142245,NA
"factor_midas","Revenues","2016-01",0.117917539057643,0.0991462294327533,NA
"factor_midas","Revenues","2016-02",0.326309415145715,0.273959627034983,NA
"factor_midas","Revenues","2016-03",0.157530912897968,0.124592382497886,NA
"factor_midas","Revenues","2016-04",0.20519252239121,0.190417675431384,NA
"factor_midas","Revenues","2016-05",0.0855922729570299,0.0829577911108154,NA
"factor_midas","Revenues","2016-06",0.129178680789292,0.125788598086539,NA
"factor_midas","Revenues","2016-07",0.245517570542958,0.23148803027563,NA
"factor_midas","Revenues","2016-08",0.0808067482317607,0.0557631167472946,NA
"factor_midas","Revenues","2016-09",0.117425929055819,0.0856029675420881,NA
"factor_midas","Revenues","2016-10",0.10589185580218,0.0815688496122048,NA
"factor_midas","Revenues","2016-11",0.18068042167745,0.15098754380192,NA
"factor_midas","Revenues","2016-12",0.346077105967638,0.285624602743447,NA
"factor_midas","Revenues","2017-01",0.173885300337726,0.139755002576104,NA
"factor_midas","Revenues","2017-02",0.121217344349155,0.100667138426883,NA
"factor_midas","Revenues","2017-03",0.253269080385935,0.239049526201248,NA
"factor_midas","Revenues","2017-04",0.322730882684729,0.266059494430383,NA
"factor_midas","Revenues","2017-05",0.232799794923451,0.182732816359467,NA
"factor_midas","Revenues","2017-06",0.442794901064386,0.384244992242234,NA
"factor_midas","Revenues","2017-07",0.0863324904085243,0.0724976526672248,NA
"factor_midas","Revenues","2017-08",0.0396312607427376,0.0337382557944492,NA
"factor_midas","Revenues","2017-09",0.128316188619296,0.0886128024916557,NA
"factor_midas","Revenues","2017-10",0.308315065175837,0.257456422251572,NA
"factor_midas","Revenues","2017-11",0.168400115349128,0.152032097142649,NA
"factor_midas","Revenues","2017-12",0.149616920663273,0.13928512922968,NA
"factor_midas","Revenues","2018-01",0.25285006874791,0.188707754892536,NA
"factor_midas","Revenues","2018-02",0.355846328480156,0.3191194188222,NA
"factor_midas","Revenues","2018-03",0.171281585247581,0.129291795873106,NA
"factor_midas","Revenues","2018-04",0.0872544350463487,0.0810085780163076,NA
"factor_midas","Revenues","2018-05",0.383066589470401,0.350395221817236,NA
"factor_midas","Revenues","2018-06",0.384936892060808,0.313766432081163,NA
"factor_midas","Revenues","2018-07",0.423809741428707,0.320202830388021,NA
"factor_midas","Revenues","2018-08",0.0889159667219243,0.0834872272709242,NA
"factor_midas","Revenues","2018-09",0.0514146677391895,0.0392529528662782,NA
"factor_midas","Revenues","2018-10",0.368552296310485,0.25264670628274,NA
"factor_midas","Revenues","2018-11",0.447615832387717,0.326132665205111,NA
"factor_midas","Revenues","2018-12",0.0850510320414931,0.0648942508165011,NA
"factor_midas","Revenues","2019-01",0.418541329576751,0.292837322346371,NA
"factor_midas","Revenues","2019-02",0.0650295138496627,0.0515262304144776,NA
"factor_midas","Revenues","2019-03",0.0784605237652868,0.0599377883520857,NA
"factor_midas","Revenues","2019-04",0.273245461646755,0.193995552912494,NA
"factor_midas","Revenues","2019-05",0.110081247391273,0.0950720406376658,NA
"factor_midas","Revenues","2019-06",0.330585894100329,0.306876828576622,NA
"factor_midas","Revenues","2019-07",0.096557487317876,0.0893705246303988,NA
"factor_midas","Revenues","2019-08",0.10559456350955,0.0909047301810471,NA
"factor_midas","Revenues","2019-09",0.107297322603964,0.106620877076016,NA
"factor_midas","Revenues","2019-10",0.0701715957057051,0.0561470739825477,NA
"factor_midas","Revenues","2019-11",0.059570980779134,0.0528643605349673,NA
"factor_midas","Revenues","2019-12",0.0979929810401904,0.0893970895058963,NA
"factor_midas","Revenues","2020-01",0.111500314988543,0.0955041163080263,NA
"factor_midas","Revenues","2020-02",0.0759238299507413,0.0744403407191518,NA
"factor_midas","Revenues","2020-03",1.32692833574371,1.18694650301341,NA
"factor_midas","Revenues","2020-04",2.33177905177355,2.2707432015768,NA
"factor_midas","Revenues","2020-05",1.65361256821569,1.54220410948538,NA
"factor_midas","Revenues","2020-06",2.27942506598111,2.23142552914023,NA
"factor_midas","Revenues","2020-07",6.76807806387759,4.87252749250895,NA
"factor_midas","Revenues","2020-08",2.63996066820752,1.9060213849934,NA
"factor_midas","Revenues","2020-09",3.03314393713504,2.31077446468529,NA
"factor_midas","Revenues","2020-10",2.66748061934952,2.20885567108062,NA
"factor_midas","Revenues","2020-11",3.88327646044833,3.5636332489387,NA
"factor_midas","Revenues","2020-12",1.66457005392013,1.64702062928632,NA
"factor_midas","Revenues","2021-01",0.524016162540143,0.403326020522489,NA
"factor_midas","Revenues","2021-02",1.1660274612096,1.0188642862139,NA
"factor_midas","Revenues","2021-03",0.88640280550503,0.882756375098381,NA
"factor_midas","Revenues","2021-04",1.13572169910778,0.957126798567675,NA
"factor_midas","Revenues","2021-05",0.924274645091976,0.777476952427196,NA
"factor_midas","Revenues","2021-06",0.730308030949724,0.593236143016807,NA
"factor_midas","Revenues","2021-07",0.527351177509318,0.526086582840328,NA
"factor_midas","Revenues","2021-08",0.451390525978156,0.365221845892111,NA
"factor_midas","Revenues","2021-09",0.800623025938343,0.736491499462557,NA
"factor_midas","Revenues","2021-10",0.648018856384519,0.550273191324753,NA
"factor_midas","Revenues","2021-11",1.22064745104529,1.15210615397078,NA
"factor_midas","Revenues","2021-12",0.765508371607792,0.624893687709693,NA
"factor_midas","Revenues","2022-01",1.4326230763979,1.19179194959952,NA
"factor_midas","Revenues","2022-02",1.35009200420565,1.24954115263709,NA
"factor_midas","Revenues","2022-03",0.950097852535485,0.716493338825115,NA
"factor_midas","Revenues","2022-04",0.93582750748689,0.741280058676262,NA
"factor_midas","Revenues","2022-05",0.674300671339189,0.603632336901304,NA
"factor_midas","Revenues","2022-06",0.475304377672148,0.391584631089601,NA
"factor_midas","Revenues","2022-07",0.362675157898973,0.272519129785693,NA
"factor_midas","Revenues","2022-08",0.37358866611402,0.343294093213161,NA
"factor_midas","Revenues","2022-09",0.621734174853861,0.61104546017586,NA
"factor_midas","Revenues","2022-10",1.29310640030585,1.19695659926276,NA
"factor_midas","Revenues","2022-11",0.963840410139503,0.924232012694202,NA
"factor_midas","Revenues","2022-12",0.683913395386864,0.646723551810551,NA
"factor_midas","Revenues","2023-01",1.51752600683086,1.43878851867424,NA
"factor_midas","Revenues","2023-02",0.482805179104449,0.474136030625901,NA
"factor_midas","Revenues","2023-03",0.219345110094603,0.168150022946063,NA
"factor_midas","Revenues","2023-04",0.449795295960008,0.37596673260137,NA
"factor_midas","Revenues","2023-05",0.285867150046597,0.226681283560106,NA
"factor_midas","Revenues","2023-06",0.301261895359289,0.299853096767125,NA
"factor_midas","Revenues","2023-07",0.602436188374514,0.532409301750936,NA
"factor_midas","Revenues","2023-08",1.13245612207094,1.01843219132662,NA
"factor_midas","Revenues","2023-09",0.577222825421861,0.535863818570748,NA
"factor_midas","Revenues","2023-10",0.238731702763541,0.190835725705901,NA
"factor_midas","Revenues","2023-11",0.159120739710851,0.146573557707306,NA
"factor_midas","Revenues","2023-12",0.122870971595069,0.0939748330734449,NA
"factor_midas","Revenues","2024-01",0.224279064332888,0.183564573288222,NA
"factor_midas","Revenues","2024-02",0.103534678670693,0.091250157151397,NA
"factor_midas","Revenues","2024-03",0.470203271230641,0.41951749938916,NA
"factor_midas","Revenues","2024-04",0.567562477939956,0.486929896875142,NA
"factor_midas","Revenues","2024-05",0.659889952966622,0.623010940963825,NA
"factor_midas","Revenues","2024-06",0.320117454698538,0.293522804974451,NA
"factor_midas","Revenues","2024-07",0.774717222941018,0.72884163998842,NA
"factor_midas","Revenues","2024-08",0.341149673072839,0.278077218939053,NA
"factor_midas","Revenues","2024-09",0.247062890780062,0.223805562268209,NA
"factor_midas","Revenues","2024-10",0.388495432520597,0.329651713581557,NA
"factor_midas","Revenues","2024-11",0.178530409196644,0.175388972118837,NA
"factor_midas","Revenues","2024-12",0.073660171511195,0.0583281220245129,NA
"factor_midas","Revenues","2025-01",0.140510510938147,0.118526972452695,NA
"factor_midas","Revenues","2025-02",0.715126573597361,0.590522900122873,NA
"factor_midas","Revenues","2025-03",0.20293695483438,0.166012223331655,NA
"factor_midas","Revenues","2025-04",0.100867343117876,0.0863171425032181,NA
"factor_midas","Revenues","2025-05",0.160042616284594,0.128937280550106,NA
"factor_midas","Revenues","2025-06",0.0866309037704638,0.0815503252795038,NA
"factor_midas","Revenues","2025-07",0.153380987915229,0.14499783554734,NA
"factor_midas","Revenues","2025-08",0.113847704332701,0.0957541241891679,NA
"factor_midas","Revenues","2025-09",0.117844315501376,0.103893397462416,NA
"factor_midas","Total","2013-01",4.32347162146394,2.39740922784731,120.578288363917
"factor_midas","Total","2013-02",1.65915595123328,0.665804304985633,120.578288363917
"factor_midas","Total","2013-03",2.19561057951959,1.31685058477034,120.578288363917
"factor_midas","Total","2013-04",0.77263855944694,0.579004876243721,120.578288363917
"factor_midas","Total","2013-05",2.08031065023201,1.5245255826959,120.578288363917
"factor_midas","Total","2013-06",0.840234805882118,0.697483460680233,120.578288363917
"factor_midas","Total","2013-07",0.0932378140997766,0.0669198089300706,120.578288363917
"factor_midas","Total","2013-08",0.35564080750869,0.279037094117478,120.578288363917
"factor_midas","Total","2013-09",0.159732586810819,0.138084720670288,120.578288363917
"factor_midas","Total","2013-10",0.234273021983726,0.17151218556673,120.578288363917
"factor_midas","Total","2013-11",1.40113439930504,1.34417910651555,120.578288363917
"factor_midas","Total","2013-12",0.163132351242814,0.127820320966106,120.578288363917
"factor_midas","Total","2014-01",0.243336678072608,0.230140058506076,120.578288363917
"factor_midas","Total","2014-02",1.78958399743287,1.27091577770043,120.578288363917
"factor_midas","Total","2014-03",0.357992726356423,0.341330907329626,120.578288363917
"factor_midas","Total","2014-04",0.781508744945156,0.734173978672786,120.578288363917
"factor_midas","Total","2014-05",0.745397766645785,0.669941528781206,120.578288363917
"factor_midas","Total","2014-06",0.259078840899522,0.247202510915444,120.578288363917
"factor_midas","Total","2014-07",0.248877119222674,0.211885508840974,120.578288363917
"factor_midas","Total","2014-08",0.589474337830861,0.516203504289435,120.578288363917
"factor_midas","Total","2014-09",0.641902739271929,0.569541009714784,120.578288363917
"factor_midas","Total","2014-10",0.831539932581061,0.824362320097815,120.578288363917
"factor_midas","Total","2014-11",0.512630046995373,0.466441369569053,120.578288363917
"factor_midas","Total","2014-12",0.660280192420145,0.648670762018318,120.578288363917
"factor_midas","Total","2015-01",0.90836516290405,0.747536572067344,120.578288363917
"factor_midas","Total","2015-02",0.825821501762532,0.722086054275095,120.578288363917
"factor_midas","Total","2015-03",0.303726030389598,0.209017526568833,120.578288363917
"factor_midas","Total","2015-04",1.08227367914877,0.792426224938627,120.578288363917
"factor_midas","Total","2015-05",0.687568557423091,0.638600302360642,120.578288363917
"factor_midas","Total","2015-06",0.448610056578739,0.353635529726134,120.578288363917
"factor_midas","Total","2015-07",0.55846350558276,0.488640779967709,120.578288363917
"factor_midas","Total","2015-08",0.418153036892529,0.287538807121522,120.578288363917
"factor_midas","Total","2015-09",0.361448072002406,0.337235104187554,120.578288363917
"factor_midas","Total","2015-10",0.162058861638395,0.115844164809984,120.578288363917
"factor_midas","Total","2015-11",1.09677087267436,1.06006835652145,120.578288363917
"factor_midas","Total","2015-12",2.29296632816649,2.20652504091775,120.578288363917
"factor_midas","Total","2016-01",0.212282753646544,0.193943135770039,120.578288363917
"factor_midas","Total","2016-02",0.104124652119889,0.101240910491299,120.578288363917
"factor_midas","Total","2016-03",0.168562530754655,0.147801010090699,120.578288363917
"factor_midas","Total","2016-04",0.183434008981891,0.169964509938251,120.578288363917
"factor_midas","Total","2016-05",0.144246691525234,0.111212757029287,120.578288363917
"factor_midas","Total","2016-06",0.116941848907894,0.0877733184323021,120.578288363917
"factor_midas","Total","2016-07",0.181950683479199,0.149953135974695,120.578288363917
"factor_midas","Total","2016-08",0.346162935292992,0.259472938075235,120.578288363917
"factor_midas","Total","2016-09",0.19776299089528,0.183145195083103,120.578288363917
"factor_midas","Total","2016-10",0.893284722903855,0.858752223808398,120.578288363917
"factor_midas","Total","2016-11",0.275267086323366,0.241686274714268,120.578288363917
"factor_midas","Total","2016-12",0.437819505670977,0.401110990136077,120.578288363917
"factor_midas","Total","2017-01",0.163483389841445,0.154827731087726,120.578288363917
"factor_midas","Total","2017-02",0.110376686229566,0.109143998904169,120.578288363917
"factor_midas","Total","2017-03",0.279384649436779,0.249133682317228,120.578288363917
"factor_midas","Total","2017-04",0.246824830683407,0.204589396774381,120.578288363917
"factor_midas","Total","2017-05",0.241883592243862,0.214315965826127,120.578288363917
"factor_midas","Total","2017-06",0.323722640228845,0.267410250788182,120.578288363917
"factor_midas","Total","2017-07",0.11464845042191,0.106963582594437,120.578288363917
"factor_midas","Total","2017-08",0.512664036345971,0.353477926710444,120.578288363917
"factor_midas","Total","2017-09",0.411549407840442,0.295466594896906,120.578288363917
"factor_midas","Total","2017-10",0.287672668624888,0.237880579472537,120.578288363917
"factor_midas","Total","2017-11",0.394096776151081,0.341478514120918,120.578288363917
"factor_midas","Total","2017-12",0.105686272653344,0.100352130685154,120.578288363917
"factor_midas","Total","2018-01",0.123201602994118,0.0998482503627355,120.578288363917
"factor_midas","Total","2018-02",0.598270757026168,0.408367324296473,120.578288363917
"factor_midas","Total","2018-03",0.0998886179216238,0.0935313781759287,120.578288363917
"factor_midas","Total","2018-04",0.206563513983553,0.204578327566025,120.578288363917
"factor_midas","Total","2018-05",0.377928153225773,0.261758560391116,120.578288363917
"factor_midas","Total","2018-06",0.223557901826925,0.189096951158776,120.578288363917
"factor_midas","Total","2018-07",0.135902027454963,0.114013755380056,120.578288363917
"factor_midas","Total","2018-08",0.422522562945404,0.414096613692492,120.578288363917
"factor_midas","Total","2018-09",0.117423993751726,0.113957539653427,120.578288363917
"factor_midas","Total","2018-10",0.247762389577638,0.171522639103516,120.578288363917
"factor_midas","Total","2018-11",0.0554582007729791,0.053263742024745,120.578288363917
"factor_midas","Total","2018-12",0.0987084181672762,0.0800218165175723,120.578288363917
"factor_midas","Total","2019-01",0.304327334244574,0.248128036277945,120.578288363917
"factor_midas","Total","2019-02",0.0788873570235244,0.0655554290573565,120.578288363917
"factor_midas","Total","2019-03",0.0963696751529933,0.0890166604376331,120.578288363917
"factor_midas","Total","2019-04",0.174858855916504,0.146377290382358,120.578288363917
"factor_midas","Total","2019-05",0.0950114788762494,0.0807346535325476,120.578288363917
"factor_midas","Total","2019-06",0.15578752726526,0.138118892650949,120.578288363917
"factor_midas","Total","2019-07",0.108853464114161,0.107270934096508,120.578288363917
"factor_midas","Total","2019-08",0.476883253346166,0.460900150957199,120.578288363917
"factor_midas","Total","2019-09",0.20450324824098,0.196161841837151,120.578288363917
"factor_midas","Total","2019-10",0.041928677663522,0.0414515148597342,120.578288363917
"factor_midas","Total","2019-11",0.195252614233492,0.13520748651471,120.578288363917
"factor_midas","Total","2019-12",0.0458360784425156,0.0378288821136659,120.578288363917
"factor_midas","Total","2020-01",0.0913958786613672,0.0909436528847717,120.578288363917
"factor_midas","Total","2020-02",0.607292174087171,0.473662755629952,120.578288363917
"factor_midas","Total","2020-03",1.0292624200698,0.835785491788545,120.578288363917
"factor_midas","Total","2020-04",1.18714151037689,1.10299262589166,120.578288363917
"factor_midas","Total","2020-05",1.72290931217403,1.41569744387576,120.578288363917
"factor_midas","Total","2020-06",0.86175415367936,0.705597856497272,120.578288363917
"factor_midas","Total","2020-07",3.77887342458623,2.79300292728482,120.578288363917
"factor_midas","Total","2020-08",3.6869088181735,3.48102778754884,120.578288363917
"factor_midas","Total","2020-09",1.8966999081968,1.50470657951601,120.578288363917
"factor_midas","Total","2020-10",2.48144986674307,2.08353218783947,120.578288363917
"factor_midas","Total","2020-11",1.94389892563985,1.69471274712322,120.578288363917
"factor_midas","Total","2020-12",1.27391938537472,1.2253730032058,120.578288363917
"factor_midas","Total","2021-01",1.81333762388639,1.80435643156272,120.578288363917
"factor_midas","Total","2021-02",2.07383226219088,1.88685591079535,120.578288363917
"factor_midas","Total","2021-03",0.750657874366246,0.698466463490579,120.578288363917
"factor_midas","Total","2021-04",0.902152706130803,0.779854510844038,120.578288363917
"factor_midas","Total","2021-05",0.75103739429076,0.637184482062013,120.578288363917
"factor_midas","Total","2021-06",0.786566653016896,0.689414630332025,120.578288363917
"factor_midas","Total","2021-07",0.518937258729558,0.515535840828808,120.578288363917
"factor_midas","Total","2021-08",0.876088864734033,0.678601747064326,120.578288363917
"factor_midas","Total","2021-09",0.69111288439483,0.631941428756487,120.578288363917
"factor_midas","Total","2021-10",0.416601008379411,0.343011474350802,120.578288363917
"factor_midas","Total","2021-11",0.90743629690273,0.624174284110072,120.578288363917
"factor_midas","Total","2021-12",0.460430593885309,0.382659590098826,120.578288363917
"factor_midas","Total","2022-01",2.16384470104545,2.05653120620711,120.578288363917
"factor_midas","Total","2022-02",2.53608150235743,2.43643962424874,120.578288363917
"factor_midas","Total","2022-03",0.778266313782171,0.674555935938631,120.578288363917
"factor_midas","Total","2022-04",1.20140892929778,1.0211101605945,120.578288363917
"factor_midas","Total","2022-05",0.566859602837934,0.406132218183641,120.578288363917
"factor_midas","Total","2022-06",0.50216876752566,0.399225259240867,120.578288363917
"factor_midas","Total","2022-07",0.865075980094824,0.834383656254448,120.578288363917
"factor_midas","Total","2022-08",0.404127530410066,0.387375525433246,120.578288363917
"factor_midas","Total","2022-09",0.881856472073745,0.86131806584865,120.578288363917
"factor_midas","Total","2022-10",0.86892507251263,0.839928643088756,120.578288363917
"factor_midas","Total","2022-11",0.781107197470916,0.705526731481734,120.578288363917
"factor_midas","Total","2022-12",0.381477844390096,0.357400803810691,120.578288363917
"factor_midas","Total","2023-01",1.02134670559875,0.905729442823824,120.578288363917
"factor_midas","Total","2023-02",0.435077691642006,0.413878969294854,120.578288363917
"factor_midas","Total","2023-03",0.383970876781493,0.277928166088714,120.578288363917
"factor_midas","Total","2023-04",0.319211199092652,0.267038883805755,120.578288363917
"factor_midas","Total","2023-05",0.298805241178248,0.249346651643759,120.578288363917
"factor_midas","Total","2023-06",0.416369151756305,0.396328856127169,120.578288363917
"factor_midas","Total","2023-07",0.51588896396084,0.445756087447847,120.578288363917
"factor_midas","Total","2023-08",0.66256015757174,0.608870367616252,120.578288363917
"factor_midas","Total","2023-09",0.470486939761476,0.431264959084155,120.578288363917
"factor_midas","Total","2023-10",0.194663603307757,0.165255874150592,120.578288363917
"factor_midas","Total","2023-11",0.253923403773931,0.248146263967497,120.578288363917
"factor_midas","Total","2023-12",0.0898380608259871,0.0758874302596904,120.578288363917
"factor_midas","Total","2024-01",0.460005529687464,0.387285542848092,120.578288363917
"factor_midas","Total","2024-02",0.187781415531224,0.158008850255211,120.578288363917
"factor_midas","Total","2024-03",0.294557096979784,0.261799281066279,120.578288363917
"factor_midas","Total","2024-04",0.382070967760896,0.312376039761224,120.578288363917
"factor_midas","Total","2024-05",0.39352670451184,0.343761411006095,120.578288363917
"factor_midas","Total","2024-06",0.301122126211214,0.274756668720558,120.578288363917
"factor_midas","Total","2024-07",0.613157408280363,0.587114360586789,120.578288363917
"factor_midas","Total","2024-08",0.114617176990818,0.103271286189114,120.578288363917
"factor_midas","Total","2024-09",0.19449664234367,0.179589248107658,120.578288363917
"factor_midas","Total","2024-10",0.177289834119655,0.14132537862903,120.578288363917
"factor_midas","Total","2024-11",0.26318630118582,0.214470614159935,120.578288363917
"factor_midas","Total","2024-12",0.0943962599811302,0.0881030558409653,120.578288363917
"factor_midas","Total","2025-01",0.193597300142293,0.150911399334607,120.578288363917
"factor_midas","Total","2025-02",0.480326139111993,0.412603968632794,120.578288363917
"factor_midas","Total","2025-03",0.0889170067874895,0.0813515191245921,120.578288363917
"factor_midas","Total","2025-04",0.183879574096653,0.177022184830673,120.578288363917
"factor_midas","Total","2025-05",0.436276894698251,0.371791152634564,120.578288363917
"factor_midas","Total","2025-06",0.199702422402539,0.139463854257735,120.578288363917
"factor_midas","Total","2025-07",0.183428607073444,0.15459954224751,120.578288363917
"factor_midas","Total","2025-08",0.143915423388818,0.12164158774833,120.578288363917
"factor_midas","Total","2025-09",0.123507865418243,0.108524354310277,120.578288363917
"sg_lasso","Expenditures","2013-01",1.98088895072715,1.33722246064474,113.71156229354
"sg_lasso","Expenditures","2013-02",0.637561695203816,0.451359292315741,113.71156229354
"sg_lasso","Expenditures","2013-03",0.451357996612345,0.32038953246418,113.71156229354
"sg_lasso","Expenditures","2013-04",2.36326234144849,1.60063036585099,113.71156229354
"sg_lasso","Expenditures","2013-05",1.89690519226988,1.27806866996123,113.71156229354
"sg_lasso","Expenditures","2013-06",1.46817106649035,0.991820646329963,113.71156229354
"sg_lasso","Expenditures","2013-07",0.991587434859288,0.662900496480936,113.71156229354
"sg_lasso","Expenditures","2013-08",1.14423707564086,0.799550391343269,113.71156229354
"sg_lasso","Expenditures","2013-09",0.186724994501201,0.171332531951971,113.71156229354
"sg_lasso","Expenditures","2013-10",0.67336794001764,0.465321573573594,113.71156229354
"sg_lasso","Expenditures","2013-11",0.945091601952144,0.632603821292522,113.71156229354
"sg_lasso","Expenditures","2013-12",0.23474403843655,0.220996145229134,113.71156229354
"sg_lasso","Expenditures","2014-01",0.282791578029259,0.224624462332164,113.71156229354
"sg_lasso","Expenditures","2014-02",0.301173755381434,0.242473498032825,113.71156229354
"sg_lasso","Expenditures","2014-03",0.147071108967683,0.101618630250421,113.71156229354
"sg_lasso","Expenditures","2014-04",0.161980771414938,0.146970842358436,113.71156229354
"sg_lasso","Expenditures","2014-05",0.119545846034486,0.104962921755509,113.71156229354
"sg_lasso","Expenditures","2014-06",0.130879795533638,0.112810491597693,113.71156229354
"sg_lasso","Expenditures","2014-07",0.138903057053194,0.102405517123037,113.71156229354
"sg_lasso","Expenditures","2014-08",0.160612281197255,0.127326770220279,113.71156229354
"sg_lasso","Expenditures","2014-09",0.0403921068133183,0.0354477537825043,113.71156229354
"sg_lasso","Expenditures","2014-10",0.108160798494875,0.0860551124921925,113.71156229354
"sg_lasso","Expenditures","2014-11",0.143984892867974,0.110542585878516,113.71156229354
"sg_lasso","Expenditures","2014-12",0.143091237612371,0.113545933005631,113.71156229354
"sg_lasso","Expenditures","2015-01",0.251706028155138,0.177925718407267,113.71156229354
"sg_lasso","Expenditures","2015-02",0.131783095062081,0.0940517335686025,113.71156229354
"sg_lasso","Expenditures","2015-03",0.219438844177347,0.16757563457968,113.71156229354
"sg_lasso","Expenditures","2015-04",0.314100693098769,0.261831180255085,113.71156229354
"sg_lasso","Expenditures","2015-05",0.200230935496638,0.141144559164628,113.71156229354
"sg_lasso","Expenditures","2015-06",0.18235918229011,0.142569400977267,113.71156229354
"sg_lasso","Expenditures","2015-07",0.142026775806705,0.100858931151293,113.71156229354
"sg_lasso","Expenditures","2015-08",0.120754785921709,0.0830547062661637,113.71156229354
"sg_lasso","Expenditures","2015-09",0.140994612966356,0.0992314184352754,113.71156229354
"sg_lasso","Expenditures","2015-10",0.170646181621782,0.155257978172051,113.71156229354
"sg_lasso","Expenditures","2015-11",0.39600187799421,0.36677969160561,113.71156229354
"sg_lasso","Expenditures","2015-12",0.206674801425822,0.191559550348608,113.71156229354
"sg_lasso","Expenditures","2016-01",0.142051421105201,0.101915523758617,113.71156229354
"sg_lasso","Expenditures","2016-02",0.244374962945719,0.19181476904339,113.71156229354
"sg_lasso","Expenditures","2016-03",0.106546162451215,0.0942321709500952,113.71156229354
"sg_lasso","Expenditures","2016-04",0.18651788819426,0.150340024878323,113.71156229354
"sg_lasso","Expenditures","2016-05",0.210573931404912,0.168096965208396,113.71156229354
"sg_lasso","Expenditures","2016-06",0.177745855420105,0.137853042563877,113.71156229354
"sg_lasso","Expenditures","2016-07",0.124056179104246,0.0969265850870383,113.71156229354
"sg_lasso","Expenditures","2016-08",0.145852781371253,0.102106558448574,113.71156229354
"sg_lasso","Expenditures","2016-09",0.179632407039279,0.12590209614171,113.71156229354
"sg_lasso","Expenditures","2016-10",0.293221087563229,0.20180083578925,113.71156229354
"sg_lasso","Expenditures","2016-11",0.691917927748331,0.484830179482147,113.71156229354
"sg_lasso","Expenditures","2016-12",0.497081430255344,0.341164439808532,113.71156229354
"sg_lasso","Expenditures","2017-01",0.1172231963756,0.0798628306502822,113.71156229354
"sg_lasso","Expenditures","2017-02",0.191570461270564,0.161868778466465,113.71156229354
"sg_lasso","Expenditures","2017-03",0.157527623924093,0.152946223371118,113.71156229354
"sg_lasso","Expenditures","2017-04",0.143157396532536,0.128506225000015,113.71156229354
"sg_lasso","Expenditures","2017-05",0.143789627965241,0.1244904359913,113.71156229354
"sg_lasso","Expenditures","2017-06",0.101607860179822,0.0789949943990311,113.71156229354
"sg_lasso","Expenditures","2017-07",0.11633160962685,0.081081401632125,113.71156229354
"sg_lasso","Expenditures","2017-08",0.105782856818592,0.0772723569674299,113.71156229354
"sg_lasso","Expenditures","2017-09",0.183164677930022,0.138459946438489,113.71156229354
"sg_lasso","Expenditures","2017-10",0.222986516295101,0.210034168432539,113.71156229354
"sg_lasso","Expenditures","2017-11",0.229139217033161,0.180962534536913,113.71156229354
"sg_lasso","Expenditures","2017-12",0.0991954141498706,0.0678519723366572,113.71156229354
"sg_lasso","Expenditures","2018-01",0.127870181096186,0.102852433986617,113.71156229354
"sg_lasso","Expenditures","2018-02",0.256115036272768,0.235142719452212,113.71156229354
"sg_lasso","Expenditures","2018-03",0.149551054443359,0.137439189950745,113.71156229354
"sg_lasso","Expenditures","2018-04",0.104067668149621,0.0969785072768196,113.71156229354
"sg_lasso","Expenditures","2018-05",0.399552919707353,0.328799498328171,113.71156229354
"sg_lasso","Expenditures","2018-06",0.0577925223708882,0.0549111088723229,113.71156229354
"sg_lasso","Expenditures","2018-07",0.137503956024825,0.0968420642653871,113.71156229354
"sg_lasso","Expenditures","2018-08",0.129594983222274,0.090754276790874,113.71156229354
"sg_lasso","Expenditures","2018-09",0.0255675712241053,0.023155174695892,113.71156229354
"sg_lasso","Expenditures","2018-10",0.0604041906791529,0.0449812800170023,113.71156229354
"sg_lasso","Expenditures","2018-11",0.0284156416723298,0.0248253172009326,113.71156229354
"sg_lasso","Expenditures","2018-12",0.0981577812742659,0.091093725390966,113.71156229354
"sg_lasso","Expenditures","2019-01",0.251294204037293,0.174473999399184,113.71156229354
"sg_lasso","Expenditures","2019-02",0.0829168419192293,0.0597183998889148,113.71156229354
"sg_lasso","Expenditures","2019-03",0.256320766614664,0.21225433057356,113.71156229354
"sg_lasso","Expenditures","2019-04",0.203717213559017,0.16703318559829,113.71156229354
"sg_lasso","Expenditures","2019-05",0.177974595975385,0.127696155326484,113.71156229354
"sg_lasso","Expenditures","2019-06",0.135065264536621,0.125914934016082,113.71156229354
"sg_lasso","Expenditures","2019-07",0.305876198294832,0.210004674111312,113.71156229354
"sg_lasso","Expenditures","2019-08",0.265304275439915,0.185486664504159,113.71156229354
"sg_lasso","Expenditures","2019-09",0.115749017864548,0.109821233981578,113.71156229354
"sg_lasso","Expenditures","2019-10",0.239693188044562,0.172574808367481,113.71156229354
"sg_lasso","Expenditures","2019-11",0.288610748513403,0.24787470500626,113.71156229354
"sg_lasso","Expenditures","2019-12",0.18655873499571,0.183483243733899,113.71156229354
"sg_lasso","Expenditures","2020-01",0.627233263301114,0.619082493294751,113.71156229354
"sg_lasso","Expenditures","2020-02",0.478075918747268,0.46830702400481,113.71156229354
"sg_lasso","Expenditures","2020-03",0.703338425067442,0.70181013191766,113.71156229354
"sg_lasso","Expenditures","2020-04",1.35399299136916,1.34078749242968,113.71156229354
"sg_lasso","Expenditures","2020-05",2.57882082631551,2.58890412812838,113.71156229354
"sg_lasso","Expenditures","2020-06",2.59552806663479,2.60815816922863,113.71156229354
"sg_lasso","Expenditures","2020-07",0.964562779290039,0.877930781338023,113.71156229354
"sg_lasso","Expenditures","2020-08",2.01595717389481,1.95883575528506,113.71156229354
"sg_lasso","Expenditures","2020-09",1.09131313927361,0.954813275834772,113.71156229354
"sg_lasso","Expenditures","2020-10",3.60968833606534,3.18078575474593,113.71156229354
"sg_lasso","Expenditures","2020-11",4.52577231600614,4.0489811218939,113.71156229354
"sg_lasso","Expenditures","2020-12",0.890219167651778,0.632071650224783,113.71156229354
"sg_lasso","Expenditures","2021-01",2.26714796241769,1.99150504216251,113.71156229354
"sg_lasso","Expenditures","2021-02",2.96436239302349,2.62567195786725,113.71156229354
"sg_lasso","Expenditures","2021-03",0.368079765274753,0.295429027116244,113.71156229354
"sg_lasso","Expenditures","2021-04",1.39240494310135,1.28689212979389,113.71156229354
"sg_lasso","Expenditures","2021-05",1.17613523440283,0.79606189021198,113.71156229354
"sg_lasso","Expenditures","2021-06",0.828315133110937,0.597095155423338,113.71156229354
"sg_lasso","Expenditures","2021-07",0.960671039150643,0.847629284410985,113.71156229354
"sg_lasso","Expenditures","2021-08",0.375389541439384,0.331557807722023,113.71156229354
"sg_lasso","Expenditures","2021-09",1.05733306718974,0.737159495095962,113.71156229354
"sg_lasso","Expenditures","2021-10",0.347256069480657,0.286949389939257,113.71156229354
"sg_lasso","Expenditures","2021-11",0.528116576069247,0.448848630123554,113.71156229354
"sg_lasso","Expenditures","2021-12",0.603500894233344,0.5489459028454,113.71156229354
"sg_lasso","Expenditures","2022-01",0.720516967818299,0.591183553890295,113.71156229354
"sg_lasso","Expenditures","2022-02",0.849814403062754,0.726044599414476,113.71156229354
"sg_lasso","Expenditures","2022-03",0.886181227754699,0.719288315359237,113.71156229354
"sg_lasso","Expenditures","2022-04",0.542089427152394,0.413383969478091,113.71156229354
"sg_lasso","Expenditures","2022-05",0.344503023437262,0.242496133291513,113.71156229354
"sg_lasso","Expenditures","2022-06",2.55833178691609,2.50895010320195,113.71156229354
"sg_lasso","Expenditures","2022-07",0.422074470626224,0.343774560747018,113.71156229354
"sg_lasso","Expenditures","2022-08",0.213952558340219,0.202169848224622,113.71156229354
"sg_lasso","Expenditures","2022-09",1.44711861939016,0.985712021771487,113.71156229354
"sg_lasso","Expenditures","2022-10",0.895416845883865,0.700278179745392,113.71156229354
"sg_lasso","Expenditures","2022-11",0.338396577978085,0.259513271691541,113.71156229354
"sg_lasso","Expenditures","2022-12",0.454884009692655,0.426433313828877,113.71156229354
"sg_lasso","Expenditures","2023-01",1.14261847177723,1.10330713860937,113.71156229354
"sg_lasso","Expenditures","2023-02",0.0994138283062651,0.0733173506638112,113.71156229354
"sg_lasso","Expenditures","2023-03",0.603631437523706,0.550658859082133,113.71156229354
"sg_lasso","Expenditures","2023-04",0.96261938650285,0.928525837708892,113.71156229354
"sg_lasso","Expenditures","2023-05",0.28382942490677,0.2194514204123,113.71156229354
"sg_lasso","Expenditures","2023-06",0.448290418996185,0.434068058303282,113.71156229354
"sg_lasso","Expenditures","2023-07",0.667448061609105,0.580248269504117,113.71156229354
"sg_lasso","Expenditures","2023-08",1.18252702726779,0.822249115397544,113.71156229354
"sg_lasso","Expenditures","2023-09",0.759915239632521,0.726409101262385,113.71156229354
"sg_lasso","Expenditures","2023-10",0.805347592832056,0.559783124661464,113.71156229354
"sg_lasso","Expenditures","2023-11",0.840408081482128,0.796821784336651,113.71156229354
"sg_lasso","Expenditures","2023-12",2.06431758243554,1.9150538699736,113.71156229354
"sg_lasso","Expenditures","2024-01",0.215947723363597,0.173124689171635,113.71156229354
"sg_lasso","Expenditures","2024-02",0.794398430827533,0.552547927546509,113.71156229354
"sg_lasso","Expenditures","2024-03",0.206903347081926,0.157885360713898,113.71156229354
"sg_lasso","Expenditures","2024-04",1.50993634672873,1.17476025848735,113.71156229354
"sg_lasso","Expenditures","2024-05",1.5125309344027,1.22187196127888,113.71156229354
"sg_lasso","Expenditures","2024-06",0.554323732746235,0.496756720372532,113.71156229354
"sg_lasso","Expenditures","2024-07",2.48871986420907,1.99538217856093,113.71156229354
"sg_lasso","Expenditures","2024-08",2.32462511305547,1.94405970655336,113.71156229354
"sg_lasso","Expenditures","2024-09",0.648319355885864,0.583044353142461,113.71156229354
"sg_lasso","Expenditures","2024-10",0.565169025551275,0.441071903631552,113.71156229354
"sg_lasso","Expenditures","2024-11",0.136453957111397,0.129177902118253,113.71156229354
"sg_lasso","Expenditures","2024-12",0.309987596590558,0.23519666050273,113.71156229354
"sg_lasso","Expenditures","2025-01",0.595508926661784,0.415054987742328,113.71156229354
"sg_lasso","Expenditures","2025-02",2.10095678106359,1.75224477377857,113.71156229354
"sg_lasso","Expenditures","2025-03",2.13835664508624,1.80635382966808,113.71156229354
"sg_lasso","Expenditures","2025-04",0.729404371195719,0.703699490634127,113.71156229354
"sg_lasso","Expenditures","2025-05",2.03524125472799,1.61581579861846,113.71156229354
"sg_lasso","Expenditures","2025-06",0.225455907254403,0.215561718717933,113.71156229354
"sg_lasso","Expenditures","2025-07",0.768856237185166,0.553491785097139,113.71156229354
"sg_lasso","Expenditures","2025-08",0.343871921416699,0.31273023440683,113.71156229354
"sg_lasso","Expenditures","2025-09",0.209161811093186,0.155881875824935,113.71156229354
"sg_lasso","Revenues","2013-01",0.512926357495164,0.40018823809655,102.129439739281
"sg_lasso","Revenues","2013-02",0.799295202699407,0.716579855065449,102.129439739281
"sg_lasso","Revenues","2013-03",0.718099020169445,0.580842093554213,102.129439739281
"sg_lasso","Revenues","2013-04",0.654826926638832,0.594888364506744,102.129439739281
"sg_lasso","Revenues","2013-05",0.53622615932734,0.503968274893233,102.129439739281
"sg_lasso","Revenues","2013-06",0.875726092473346,0.842419228486314,102.129439739281
"sg_lasso","Revenues","2013-07",0.930309154471253,0.899958554885183,102.129439739281
"sg_lasso","Revenues","2013-08",0.880988248514969,0.850660849837455,102.129439739281
"sg_lasso","Revenues","2013-09",0.351581677375956,0.327323956367674,102.129439739281
"sg_lasso","Revenues","2013-10",1.58250012416259,1.41586095469783,102.129439739281
"sg_lasso","Revenues","2013-11",0.606034185734536,0.548050731139693,102.129439739281
"sg_lasso","Revenues","2013-12",1.13146242407001,0.95552622057477,102.129439739281
"sg_lasso","Revenues","2014-01",0.527049877743404,0.525787010303218,102.129439739281
"sg_lasso","Revenues","2014-02",0.878614902812272,0.841517404406612,102.129439739281
"sg_lasso","Revenues","2014-03",0.565555814131837,0.536520938191565,102.129439739281
"sg_lasso","Revenues","2014-04",0.484814023746894,0.469124183387926,102.129439739281
"sg_lasso","Revenues","2014-05",1.06086957214237,0.926379942796041,102.129439739281
"sg_lasso","Revenues","2014-06",0.717624218041332,0.632630024612983,102.129439739281
"sg_lasso","Revenues","2014-07",0.302450205738336,0.263384683959781,102.129439739281
"sg_lasso","Revenues","2014-08",0.561254012658226,0.540021376893578,102.129439739281
"sg_lasso","Revenues","2014-09",0.547378501578194,0.495312588610091,102.129439739281
"sg_lasso","Revenues","2014-10",0.0892661205390382,0.0699359813449208,102.129439739281
"sg_lasso","Revenues","2014-11",0.0929927064836028,0.0760839170636468,102.129439739281
"sg_lasso","Revenues","2014-12",0.158730310464168,0.149361765806351,102.129439739281
"sg_lasso","Revenues","2015-01",0.0576679744583496,0.0523722039423023,102.129439739281
"sg_lasso","Revenues","2015-02",0.314858746598406,0.305385697129574,102.129439739281
"sg_lasso","Revenues","2015-03",0.415007669315881,0.390181596390869,102.129439739281
"sg_lasso","Revenues","2015-04",0.038816362239095,0.0262239922647591,102.129439739281
"sg_lasso","Revenues","2015-05",0.396673703995595,0.320174870134987,102.129439739281
"sg_lasso","Revenues","2015-06",1.33695582704007,1.05000981737511,102.129439739281
"sg_lasso","Revenues","2015-07",0.146553523064084,0.123493924377068,102.129439739281
"sg_lasso","Revenues","2015-08",0.118536248752709,0.0806170292714603,102.129439739281
"sg_lasso","Revenues","2015-09",0.0727035244220021,0.0493622381509542,102.129439739281
"sg_lasso","Revenues","2015-10",0.375976706443292,0.276828042874767,102.129439739281
"sg_lasso","Revenues","2015-11",0.21515452185799,0.186684957359945,102.129439739281
"sg_lasso","Revenues","2015-12",0.823606745011853,0.692542870485517,102.129439739281
"sg_lasso","Revenues","2016-01",0.13843807268191,0.115714482374952,102.129439739281
"sg_lasso","Revenues","2016-02",0.311806737548303,0.253364412544666,102.129439739281
"sg_lasso","Revenues","2016-03",0.309243385416795,0.232986375403286,102.129439739281
"sg_lasso","Revenues","2016-04",0.148874446029444,0.117806352064733,102.129439739281
"sg_lasso","Revenues","2016-05",0.282237736816417,0.228386483835352,102.129439739281
"sg_lasso","Revenues","2016-06",0.107093111100336,0.0806198936265815,102.129439739281
"sg_lasso","Revenues","2016-07",0.160621022213425,0.115892191169213,102.129439739281
"sg_lasso","Revenues","2016-08",0.132258059762636,0.0955965912929876,102.129439739281
"sg_lasso","Revenues","2016-09",0.146108545747912,0.101517268901007,102.129439739281
"sg_lasso","Revenues","2016-10",0.355382578087911,0.281415943433356,102.129439739281
"sg_lasso","Revenues","2016-11",0.257405189324538,0.190968153743055,102.129439739281
"sg_lasso","Revenues","2016-12",0.201002889016436,0.139540659320707,102.129439739281
"sg_lasso","Revenues","2017-01",0.133913898653822,0.105201408337359,102.129439739281
"sg_lasso","Revenues","2017-02",0.0668151186025182,0.0554028625386905,102.129439739281
"sg_lasso","Revenues","2017-03",0.380253610267887,0.261390443964141,102.129439739281
"sg_lasso","Revenues","2017-04",0.190902529046324,0.154191073483249,102.129439739281
"sg_lasso","Revenues","2017-05",0.291657889465577,0.217509460710604,102.129439739281
"sg_lasso","Revenues","2017-06",0.324869102023111,0.286477309731522,102.129439739281
"sg_lasso","Revenues","2017-07",0.194581748687772,0.144083262888694,102.129439739281
"sg_lasso","Revenues","2017-08",0.405158673866198,0.311524310321001,102.129439739281
"sg_lasso","Revenues","2017-09",0.480197879605342,0.386928140208298,102.129439739281
"sg_lasso","Revenues","2017-10",0.1187302680866,0.114575350106291,102.129439739281
"sg_lasso","Revenues","2017-11",0.624752649601494,0.433666585371291,102.129439739281
"sg_lasso","Revenues","2017-12",0.0715965045170917,0.0520709556646639,102.129439739281
"sg_lasso","Revenues","2018-01",0.239994057289,0.200427355804737,102.129439739281
"sg_lasso","Revenues","2018-02",0.712346028318197,0.54649074354819,102.129439739281
"sg_lasso","Revenues","2018-03",0.685385040231889,0.524917534803563,102.129439739281
"sg_lasso","Revenues","2018-04",0.153621991679487,0.1064435950416,102.129439739281
"sg_lasso","Revenues","2018-05",0.346250794216872,0.288474353779172,102.129439739281
"sg_lasso","Revenues","2018-06",0.509058712999617,0.422436095638381,102.129439739281
"sg_lasso","Revenues","2018-07",0.334668536379913,0.284788760762851,102.129439739281
"sg_lasso","Revenues","2018-08",0.265238831111469,0.229545938172029,102.129439739281
"sg_lasso","Revenues","2018-09",0.276826565091465,0.193104718184894,102.129439739281
"sg_lasso","Revenues","2018-10",0.320833175458937,0.300531159365879,102.129439739281
"sg_lasso","Revenues","2018-11",0.259957061006445,0.258563952065101,102.129439739281
"sg_lasso","Revenues","2018-12",0.19196637399983,0.15740172325504,102.129439739281
"sg_lasso","Revenues","2019-01",0.128682909587491,0.112989846177341,102.129439739281
"sg_lasso","Revenues","2019-02",0.30329037867482,0.278309408793343,102.129439739281
"sg_lasso","Revenues","2019-03",0.27006401756074,0.266298326531812,102.129439739281
"sg_lasso","Revenues","2019-04",0.0904093657749665,0.0828843452909515,102.129439739281
"sg_lasso","Revenues","2019-05",0.297053779274023,0.287973462931846,102.129439739281
"sg_lasso","Revenues","2019-06",0.20501079912948,0.195793058427678,102.129439739281
"sg_lasso","Revenues","2019-07",0.281322325529455,0.202645586859263,102.129439739281
"sg_lasso","Revenues","2019-08",0.21770288866121,0.153286487382782,102.129439739281
"sg_lasso","Revenues","2019-09",0.227409673148854,0.174437674413184,102.129439739281
"sg_lasso","Revenues","2019-10",0.362569042512455,0.262988162561185,102.129439739281
"sg_lasso","Revenues","2019-11",0.435742653321979,0.336153770110467,102.129439739281
"sg_lasso","Revenues","2019-12",0.166216124094314,0.118063500674343,102.129439739281
"sg_lasso","Revenues","2020-01",0.17361149820385,0.158316381139134,102.129439739281
"sg_lasso","Revenues","2020-02",0.0678155969791292,0.057411250396133,102.129439739281
"sg_lasso","Revenues","2020-03",0.138066342808662,0.125971902250354,102.129439739281
"sg_lasso","Revenues","2020-04",0.399631774296626,0.290622317136302,102.129439739281
"sg_lasso","Revenues","2020-05",0.778715493067478,0.641088081466405,102.129439739281
"sg_lasso","Revenues","2020-06",0.3462033590117,0.338724078611746,102.129439739281
"sg_lasso","Revenues","2020-07",3.48831203014472,3.45644474241263,102.129439739281
"sg_lasso","Revenues","2020-08",3.47808917420694,3.22111875989857,102.129439739281
"sg_lasso","Revenues","2020-09",3.80366848812194,2.84572409618965,102.129439739281
"sg_lasso","Revenues","2020-10",2.76857818866727,2.2197515248672,102.129439739281
"sg_lasso","Revenues","2020-11",3.3674356713908,2.88820390368843,102.129439739281
"sg_lasso","Revenues","2020-12",1.61121818647102,1.18640749406851,102.129439739281
"sg_lasso","Revenues","2021-01",1.4191450676106,0.960067768895247,102.129439739281
"sg_lasso","Revenues","2021-02",1.35552872121079,1.21142626867432,102.129439739281
"sg_lasso","Revenues","2021-03",0.515875066243658,0.440423533908983,102.129439739281
"sg_lasso","Revenues","2021-04",1.25982209555514,1.05833243417597,102.129439739281
"sg_lasso","Revenues","2021-05",0.582754116711025,0.512684277165568,102.129439739281
"sg_lasso","Revenues","2021-06",0.426087920651226,0.37173068945123,102.129439739281
"sg_lasso","Revenues","2021-07",0.98551879811966,0.806285757394545,102.129439739281
"sg_lasso","Revenues","2021-08",0.879778933481376,0.750790914068372,102.129439739281
"sg_lasso","Revenues","2021-09",0.258025770509934,0.215398851568596,102.129439739281
"sg_lasso","Revenues","2021-10",0.559340441464708,0.467583670348151,102.129439739281
"sg_lasso","Revenues","2021-11",0.513897774019002,0.427418495269985,102.129439739281
"sg_lasso","Revenues","2021-12",0.280143041455156,0.279236441808458,102.129439739281
"sg_lasso","Revenues","2022-01",0.786140876617403,0.597225191208857,102.129439739281
"sg_lasso","Revenues","2022-02",0.660247484001658,0.639895233624847,102.129439739281
"sg_lasso","Revenues","2022-03",0.31795544835418,0.296180192096219,102.129439739281
"sg_lasso","Revenues","2022-04",0.511541469186735,0.463338363587444,102.129439739281
"sg_lasso","Revenues","2022-05",0.462399563279548,0.433255894449778,102.129439739281
"sg_lasso","Revenues","2022-06",0.53421911983998,0.433873114064615,102.129439739281
"sg_lasso","Revenues","2022-07",0.172207934373619,0.14688315748643,102.129439739281
"sg_lasso","Revenues","2022-08",0.777480553558407,0.52920787179266,102.129439739281
"sg_lasso","Revenues","2022-09",3.0199740808094,2.08992976849907,102.129439739281
"sg_lasso","Revenues","2022-10",0.473352658607566,0.398802217027395,102.129439739281
"sg_lasso","Revenues","2022-11",0.857696784547267,0.598414780304196,102.129439739281
"sg_lasso","Revenues","2022-12",0.29346546759648,0.20252254193844,102.129439739281
"sg_lasso","Revenues","2023-01",0.620708908224679,0.466170083260575,102.129439739281
"sg_lasso","Revenues","2023-02",0.795873825856387,0.714426254730818,102.129439739281
"sg_lasso","Revenues","2023-03",0.404398212930745,0.386884305816376,102.129439739281
"sg_lasso","Revenues","2023-04",0.375077685223182,0.343782415773359,102.129439739281
"sg_lasso","Revenues","2023-05",0.849823796184332,0.797519955522289,102.129439739281
"sg_lasso","Revenues","2023-06",0.439533353868644,0.42980879194667,102.129439739281
"sg_lasso","Revenues","2023-07",0.963258604423967,0.856944853314901,102.129439739281
"sg_lasso","Revenues","2023-08",0.770914518840629,0.709637468047978,102.129439739281
"sg_lasso","Revenues","2023-09",0.279213255038725,0.240131795061363,102.129439739281
"sg_lasso","Revenues","2023-10",0.801908085809501,0.683804291555578,102.129439739281
"sg_lasso","Revenues","2023-11",0.811984754671334,0.706405847049325,102.129439739281
"sg_lasso","Revenues","2023-12",0.204875896903638,0.173302331338617,102.129439739281
"sg_lasso","Revenues","2024-01",0.229084540015109,0.192059495890103,102.129439739281
"sg_lasso","Revenues","2024-02",0.278449809843713,0.214325991522785,102.129439739281
"sg_lasso","Revenues","2024-03",0.317251867999977,0.281783997671786,102.129439739281
"sg_lasso","Revenues","2024-04",0.453894721383761,0.431199148761746,102.129439739281
"sg_lasso","Revenues","2024-05",1.31801093070873,1.12458986787183,102.129439739281
"sg_lasso","Revenues","2024-06",0.883689245801456,0.734874899306995,102.129439739281
"sg_lasso","Revenues","2024-07",0.958284562488699,0.791073528551094,102.129439739281
"sg_lasso","Revenues","2024-08",0.936789204689285,0.790700973113799,102.129439739281
"sg_lasso","Revenues","2024-09",0.52463025553928,0.454384482892762,102.129439739281
"sg_lasso","Revenues","2024-10",0.763768232815808,0.624801162835413,102.129439739281
"sg_lasso","Revenues","2024-11",0.698912591892102,0.597225691108676,102.129439739281
"sg_lasso","Revenues","2024-12",0.110113744211186,0.104657454905107,102.129439739281
"sg_lasso","Revenues","2025-01",0.586988177662197,0.531669208864014,102.129439739281
"sg_lasso","Revenues","2025-02",0.495530650526504,0.456075304075672,102.129439739281
"sg_lasso","Revenues","2025-03",0.134945689560169,0.117371512842484,102.129439739281
"sg_lasso","Revenues","2025-04",0.251573313419746,0.206495948461686,102.129439739281
"sg_lasso","Revenues","2025-05",0.430621084137278,0.312205411109779,102.129439739281
"sg_lasso","Revenues","2025-06",0.175271068496449,0.155937462397785,102.129439739281
"sg_lasso","Revenues","2025-07",0.443228194550688,0.380894652094615,102.129439739281
"sg_lasso","Revenues","2025-08",0.306413523152319,0.230894704323921,102.129439739281
"sg_lasso","Revenues","2025-09",0.307719507230453,0.290130298309869,102.129439739281
"sg_lasso","Total","2013-01",1.54082783454207,1.03613112981374,112.476697468022
"sg_lasso","Total","2013-02",0.706605482327114,0.551142108649635,112.476697468022
"sg_lasso","Total","2013-03",0.644913713226838,0.468496173031941,112.476697468022
"sg_lasso","Total","2013-04",1.83685521139357,1.31646555923278,112.476697468022
"sg_lasso","Total","2013-05",1.83575619833218,1.30562157531091,112.476697468022
"sg_lasso","Total","2013-06",1.2210442914697,0.940181435978004,112.476697468022
"sg_lasso","Total","2013-07",0.923127559747782,0.816573548036835,112.476697468022
"sg_lasso","Total","2013-08",1.36130038081226,1.0506683389389,112.476697468022
"sg_lasso","Total","2013-09",0.3533028706635,0.303612900745742,112.476697468022
"sg_lasso","Total","2013-10",1.07189856009337,0.989773889910828,112.476697468022
"sg_lasso","Total","2013-11",1.04809921636499,0.751765386546514,112.476697468022
"sg_lasso","Total","2013-12",0.776691333845717,0.674856985236832,112.476697468022
"sg_lasso","Total","2014-01",0.436040757874212,0.411391040304511,112.476697468022
"sg_lasso","Total","2014-02",0.784477272649155,0.756672939577554,112.476697468022
"sg_lasso","Total","2014-03",0.440143903156702,0.424882746273205,112.476697468022
"sg_lasso","Total","2014-04",0.351708805715469,0.337244744334754,112.476697468022
"sg_lasso","Total","2014-05",0.741017726661767,0.655699112094328,112.476697468022
"sg_lasso","Total","2014-06",0.492412255237885,0.435568594175326,112.476697468022
"sg_lasso","Total","2014-07",0.26172783649907,0.204775890496586,112.476697468022
"sg_lasso","Total","2014-08",0.491994720386633,0.470498800436307,112.476697468022
"sg_lasso","Total","2014-09",0.409977073802031,0.371537763155074,112.476697468022
"sg_lasso","Total","2014-10",0.0987789196292754,0.0723076265415708,112.476697468022
"sg_lasso","Total","2014-11",0.0771560306059841,0.0581574533483652,112.476697468022
"sg_lasso","Total","2014-12",0.195781752345386,0.173409392678887,112.476697468022
"sg_lasso","Total","2015-01",0.179683437804836,0.133910109533481,112.476697468022
"sg_lasso","Total","2015-02",0.322517426587821,0.294244986546845,112.476697468022
"sg_lasso","Total","2015-03",0.387617817700281,0.3863360350997,112.476697468022
"sg_lasso","Total","2015-04",0.203544017433348,0.167830358525323,112.476697468022
"sg_lasso","Total","2015-05",0.196889193327946,0.181674281338803,112.476697468022
"sg_lasso","Total","2015-06",0.956018602956625,0.739678910023973,112.476697468022
"sg_lasso","Total","2015-07",0.156227312977961,0.124191771215425,112.476697468022
"sg_lasso","Total","2015-08",0.158000167948861,0.107453018654526,112.476697468022
"sg_lasso","Total","2015-09",0.149907938693044,0.103420954729258,112.476697468022
"sg_lasso","Total","2015-10",0.29772065600943,0.216915278726504,112.476697468022
"sg_lasso","Total","2015-11",0.236998251275871,0.234743437079899,112.476697468022
"sg_lasso","Total","2015-12",0.480893366793037,0.417601284404883,112.476697468022
"sg_lasso","Total","2016-01",0.169127058099979,0.131329395816982,112.476697468022
"sg_lasso","Total","2016-02",0.345398286743454,0.262654511211118,112.476697468022
"sg_lasso","Total","2016-03",0.241984477149073,0.179724071706856,112.476697468022
"sg_lasso","Total","2016-04",0.133574048825912,0.116075635246568,112.476697468022
"sg_lasso","Total","2016-05",0.157875550607255,0.137597720616907,112.476697468022
"sg_lasso","Total","2016-06",0.187149079157118,0.137398310526139,112.476697468022
"sg_lasso","Total","2016-07",0.176373175883213,0.129303740293553,112.476697468022
"sg_lasso","Total","2016-08",0.180487822656825,0.127152786837305,112.476697468022
"sg_lasso","Total","2016-09",0.107417219259416,0.0830738066097936,112.476697468022
"sg_lasso","Total","2016-10",0.369666787829454,0.261818257282836,112.476697468022
"sg_lasso","Total","2016-11",0.461822199675298,0.333753955354296,112.476697468022
"sg_lasso","Total","2016-12",0.517319319200258,0.356685639862046,112.476697468022
"sg_lasso","Total","2017-01",0.162955914266196,0.120237204411623,112.476697468022
"sg_lasso","Total","2017-02",0.149699587662144,0.115262507756557,112.476697468022
"sg_lasso","Total","2017-03",0.211455570469212,0.154548727298723,112.476697468022
"sg_lasso","Total","2017-04",0.126061629181013,0.114292895843448,112.476697468022
"sg_lasso","Total","2017-05",0.259193954825321,0.195537569271891,112.476697468022
"sg_lasso","Total","2017-06",0.242055393369557,0.216264262531632,112.476697468022
"sg_lasso","Total","2017-07",0.191754446232953,0.134034087546824,112.476697468022
"sg_lasso","Total","2017-08",0.239339131986655,0.212395985550249,112.476697468022
"sg_lasso","Total","2017-09",0.389982863015576,0.309474862652677,112.476697468022
"sg_lasso","Total","2017-10",0.134335759314008,0.107134839229367,112.476697468022
"sg_lasso","Total","2017-11",0.440671409945757,0.303723772824327,112.476697468022
"sg_lasso","Total","2017-12",0.130990701197081,0.0921975641440269,112.476697468022
"sg_lasso","Total","2018-01",0.179540556060985,0.149448620307036,112.476697468022
"sg_lasso","Total","2018-02",0.377700531345985,0.318163152651618,112.476697468022
"sg_lasso","Total","2018-03",0.454198100234058,0.352387422142549,112.476697468022
"sg_lasso","Total","2018-04",0.0818511292506995,0.0679791910669341,112.476697468022
"sg_lasso","Total","2018-05",0.247207613830625,0.193009829660597,112.476697468022
"sg_lasso","Total","2018-06",0.301373222631414,0.25168312845063,112.476697468022
"sg_lasso","Total","2018-07",0.275106144011222,0.236646664022682,112.476697468022
"sg_lasso","Total","2018-08",0.234365464878124,0.198266936610553,112.476697468022
"sg_lasso","Total","2018-09",0.126752268193042,0.0902502147543294,112.476697468022
"sg_lasso","Total","2018-10",0.309566225099121,0.286987413154384,112.476697468022
"sg_lasso","Total","2018-11",0.231813996209095,0.229573720489997,112.476697468022
"sg_lasso","Total","2018-12",0.180525064288972,0.157755450900726,112.476697468022
"sg_lasso","Total","2019-01",0.177498789081408,0.128821600237948,112.476697468022
"sg_lasso","Total","2019-02",0.238829680772198,0.211330207170444,112.476697468022
"sg_lasso","Total","2019-03",0.319360298359284,0.299938874255009,112.476697468022
"sg_lasso","Total","2019-04",0.14264284761432,0.118387391232793,112.476697468022
"sg_lasso","Total","2019-05",0.322057966561308,0.284730841691662,112.476697468022
"sg_lasso","Total","2019-06",0.226656614729772,0.220562040536974,112.476697468022
"sg_lasso","Total","2019-07",0.394802487752809,0.27869517776016,112.476697468022
"sg_lasso","Total","2019-08",0.304818136323103,0.210746793978597,112.476697468022
"sg_lasso","Total","2019-09",0.156817543761687,0.153094076492386,112.476697468022
"sg_lasso","Total","2019-10",0.0656900196389233,0.0614424500461564,112.476697468022
"sg_lasso","Total","2019-11",0.393315560088632,0.316439151054194,112.476697468022
"sg_lasso","Total","2019-12",0.111119947855524,0.0865415873676314,112.476697468022
"sg_lasso","Total","2020-01",0.0890534510762813,0.0661212250269342,112.476697468022
"sg_lasso","Total","2020-02",0.142053196470436,0.127745921023217,112.476697468022
"sg_lasso","Total","2020-03",0.284948552576745,0.276551319212687,112.476697468022
"sg_lasso","Total","2020-04",0.561977633882657,0.522819733922996,112.476697468022
"sg_lasso","Total","2020-05",1.31849493661807,1.31104680412275,112.476697468022
"sg_lasso","Total","2020-06",0.705768710523219,0.664809134431052,112.476697468022
"sg_lasso","Total","2020-07",2.96827552201782,2.98094186574892,112.476697468022
"sg_lasso","Total","2020-08",3.41632951722312,3.37142768755134,112.476697468022
"sg_lasso","Total","2020-09",2.25373026861461,1.9322800304389,112.476697468022
"sg_lasso","Total","2020-10",3.63144391291581,3.05315817709323,112.476697468022
"sg_lasso","Total","2020-11",4.8150909024503,4.15171515608546,112.476697468022
"sg_lasso","Total","2020-12",0.725334725848149,0.559147774061764,112.476697468022
"sg_lasso","Total","2021-01",1.35290339973892,1.1762492124251,112.476697468022
"sg_lasso","Total","2021-02",2.54029475556253,2.31323452232696,112.476697468022
"sg_lasso","Total","2021-03",0.410679019541937,0.356949236232591,112.476697468022
"sg_lasso","Total","2021-04",1.57332906133024,1.37750785013241,112.476697468022
"sg_lasso","Total","2021-05",0.862032427925788,0.638468830404795,112.476697468022
"sg_lasso","Total","2021-06",0.529721920311752,0.406959223090321,112.476697468022
"sg_lasso","Total","2021-07",1.11040932488021,0.9340386918604,112.476697468022
"sg_lasso","Total","2021-08",0.714525437679627,0.590105628330183,112.476697468022
"sg_lasso","Total","2021-09",0.788327648310595,0.530075206066563,112.476697468022
"sg_lasso","Total","2021-10",0.241904392003129,0.196632755830857,112.476697468022
"sg_lasso","Total","2021-11",0.567354660476905,0.480426862232235,112.476697468022
"sg_lasso","Total","2021-12",0.498765658788434,0.4695189751058,112.476697468022
"sg_lasso","Total","2022-01",0.514184438320156,0.464500964038294,112.476697468022
"sg_lasso","Total","2022-02",0.961775752854748,0.902756990770871,112.476697468022
"sg_lasso","Total","2022-03",0.818116501689029,0.667960067203623,112.476697468022
"sg_lasso","Total","2022-04",0.435448629736512,0.360580110970707,112.476697468022
"sg_lasso","Total","2022-05",0.427888843106937,0.370772699325437,112.476697468022
"sg_lasso","Total","2022-06",0.881773032710244,0.863292228488816,112.476697468022
"sg_lasso","Total","2022-07",0.364324942260254,0.302601326462386,112.476697468022
"sg_lasso","Total","2022-08",0.35216605482292,0.24635178730219,112.476697468022
"sg_lasso","Total","2022-09",2.51457996184805,1.72261571012803,112.476697468022
"sg_lasso","Total","2022-10",0.38181476514078,0.274613172857641,112.476697468022
"sg_lasso","Total","2022-11",0.116988116411517,0.0865902415281791,112.476697468022
"sg_lasso","Total","2022-12",0.144561133018073,0.135330447457822,112.476697468022
"sg_lasso","Total","2023-01",0.435877986865454,0.353068210646315,112.476697468022
"sg_lasso","Total","2023-02",0.573585131088152,0.535666227727542,112.476697468022
"sg_lasso","Total","2023-03",0.591425194339226,0.496360584461668,112.476697468022
"sg_lasso","Total","2023-04",0.248965235719365,0.204261207952575,112.476697468022
"sg_lasso","Total","2023-05",0.748788902614389,0.684382720438269,112.476697468022
"sg_lasso","Total","2023-06",0.414488629323654,0.41129611186562,112.476697468022
"sg_lasso","Total","2023-07",0.882389839278128,0.744917823464615,112.476697468022
"sg_lasso","Total","2023-08",1.20138627388855,0.87922666088298,112.476697468022
"sg_lasso","Total","2023-09",0.376438937597455,0.318844501704113,112.476697468022
"sg_lasso","Total","2023-10",0.94883897291169,0.713655059307124,112.476697468022
"sg_lasso","Total","2023-11",0.575144098006779,0.538898632869124,112.476697468022
"sg_lasso","Total","2023-12",0.708078475756032,0.57209430803426,112.476697468022
"sg_lasso","Total","2024-01",0.114933296406752,0.106442693863232,112.476697468022
"sg_lasso","Total","2024-02",0.756615348823526,0.523758674810596,112.476697468022
"sg_lasso","Total","2024-03",0.279825950975472,0.231611130162259,112.476697468022
"sg_lasso","Total","2024-04",0.83640297673629,0.634162982926726,112.476697468022
"sg_lasso","Total","2024-05",1.35764226370374,1.06454685936456,112.476697468022
"sg_lasso","Total","2024-06",0.389978018146394,0.351285996754776,112.476697468022
"sg_lasso","Total","2024-07",1.10137752080558,0.922298423581305,112.476697468022
"sg_lasso","Total","2024-08",1.12043421900201,0.912327053224577,112.476697468022
"sg_lasso","Total","2024-09",0.559898352113457,0.495474302321214,112.476697468022
"sg_lasso","Total","2024-10",0.619269936857409,0.50358850131957,112.476697468022
"sg_lasso","Total","2024-11",0.530530675135843,0.462449520439003,112.476697468022
"sg_lasso","Total","2024-12",0.227800783814202,0.165419139450043,112.476697468022
"sg_lasso","Total","2025-01",0.656013570033598,0.531386407164327,112.476697468022
"sg_lasso","Total","2025-02",1.50160285328836,1.25635442834811,112.476697468022
"sg_lasso","Total","2025-03",1.19929661253187,0.990409134332128,112.476697468022
"sg_lasso","Total","2025-04",0.221927438546988,0.167126402753996,112.476697468022
"sg_lasso","Total","2025-05",1.21916202062084,0.994570560036761,112.476697468022
"sg_lasso","Total","2025-06",0.160586683639966,0.149684449225462,112.476697468022
"sg_lasso","Total","2025-07",0.851709986933088,0.620231506956357,112.476697468022
"sg_lasso","Total","2025-08",0.326059641379168,0.240602735934578,112.476697468022
"sg_lasso","Total","2025-09",0.23006422920861,0.209205073026489,112.476697468022
