"source","fragmentation_index","frag_ea_c","marginal_effect","ci_low","ci_high","ci_low_68","ci_high_68"
"GDP-weighted country aggregates",80.1181040234606,-19.8818959765394,3.56272443796476,0.226682114645609,6.8987667612839,1.86066202810805,5.26478684782146
"GDP-weighted country aggregates",80.6024821686617,-19.3975178313383,3.44385050780829,0.192579067321751,6.69512194829482,1.78503854837638,5.10266246724019
"GDP-weighted country aggregates",81.0868603138628,-18.9131396861372,3.32497657765182,0.158399122087638,6.491554033216,1.70937583501703,4.9405773202866
"GDP-weighted country aggregates",81.5712384590638,-18.4287615409362,3.20610264749535,0.124135939357773,6.28806935563292,1.63367065354761,4.77853464144309
"GDP-weighted country aggregates",82.0556166042649,-17.9443833957351,3.08722871733888,0.0897824703368517,6.08467496434091,1.55791940764397,4.61653802703379
"GDP-weighted country aggregates",82.539994749466,-17.460005250534,2.96835478718241,0.0553308561303743,5.88137871823444,1.48211808766606,4.45459148669875
"GDP-weighted country aggregates",83.0243728946671,-16.9756271053329,2.84948085702594,0.0207723093465768,5.6781894047053,1.40626221025075,4.29269950380113
"GDP-weighted country aggregates",83.5087510398682,-16.4912489601318,2.73060692686947,-0.0139030254105106,5.47511687914945,1.33034674713479,4.13086710660416
"GDP-weighted country aggregates",83.9931291850693,-16.0068708149307,2.611732996713,-0.0487062366149424,5.27217223004094,1.25436604093344,3.96909995249256
"GDP-weighted country aggregates",84.4775073302703,-15.5224926697297,2.49285906655653,-0.0836498420083913,5.06936797512145,1.17831370504382,3.80740442806925
"GDP-weighted country aggregates",84.9618854754714,-15.0381145245286,2.37398513640006,-0.118748022848111,4.86671829564823,1.10218250413059,3.64578776866954
"GDP-weighted country aggregates",85.4462636206725,-14.5537363793275,2.25511120624359,-0.154016904947981,4.66423931743516,1.02596421073769,3.4842582017495
"GDP-weighted country aggregates",85.9306417658736,-14.0693582341264,2.13623727608712,-0.189474897563932,4.46194944973818,0.949649432387605,3.32282511978664
"GDP-weighted country aggregates",86.4150199110747,-13.5849800889253,2.01736334593065,-0.225143104187401,4.25986979604871,0.87322740199287,3.16149928986844
"GDP-weighted country aggregates",86.8993980562757,-13.1006019437243,1.89848941577418,-0.261045823250773,4.05802465479914,0.796685722394104,3.00029310915426
"GDP-weighted country aggregates",87.3837762014768,-12.6162237985232,1.77961548561771,-0.297211161933113,3.85644213316854,0.720010053193823,2.83922091804161
"GDP-weighted country aggregates",87.8681543466779,-12.1318456533221,1.66074155546124,-0.333671793115465,3.65515490403796,0.64318372455476,2.67829938636773
"GDP-weighted country aggregates",88.352532491879,-11.647467508121,1.54186762530478,-0.370465894665488,3.45420114527504,0.566187257973008,2.51754799263654
"GDP-weighted country aggregates",88.8369106370801,-11.1630893629199,1.42299369514831,-0.407638322445587,3.2536257127422,0.488997767804483,2.35698962249213
"GDP-weighted country aggregates",89.3212887822812,-10.6787112177188,1.30411976499184,-0.445242084853714,3.05348161483739,0.411588208948188,2.19665132103548
"GDP-weighted country aggregates",89.8056669274822,-10.1943330725178,1.18524583483537,-0.483340208845729,2.85383187851646,0.333926424793991,2.03656524487674
"GDP-weighted country aggregates",90.2900450726833,-9.70995492731668,1.0663719046789,-0.52200811731104,2.65475192666883,0.255973934275868,1.87676987508193
"GDP-weighted country aggregates",90.7744232178844,-9.2255767821156,0.947497974522427,-0.561336678103004,2.45633262714786,0.177684376244146,1.71731157280071
"GDP-weighted country aggregates",91.2588013630855,-8.74119863691452,0.828624044365958,-0.601436139432958,2.25868422816487,0.0990015016114094,1.55824658712051
"GDP-weighted country aggregates",91.7431795082866,-8.25682049171344,0.709750114209489,-0.642441238827427,2.06194146724641,0.0198565667416746,1.3996436616773
"GDP-weighted country aggregates",92.2275576534877,-7.77244234651235,0.590876184053019,-0.684517867519182,1.86627023562522,-0.0598350667491244,1.24158743485516
"GDP-weighted country aggregates",92.7119357986887,-7.28806420131127,0.47200225389655,-0.727871791143527,1.67187629893663,-0.140178381327979,1.08418288912108
"GDP-weighted country aggregates",93.1963139438898,-6.80368605611019,0.35312832374008,-0.772760066267139,1.4790167137473,-0.221304528304419,0.92756117578458
"GDP-weighted country aggregates",93.6806920890909,-6.31930791090911,0.234254393583611,-0.819505927913832,1.28801471508105,-0.303378423506921,0.771887210674143
"GDP-weighted country aggregates",94.165070234292,-5.83492976570803,0.115380463427141,-0.868517991286997,1.09927891814128,-0.386608544080072,0.617369470934355
"GDP-weighted country aggregates",94.6494483794931,-5.35055162050695,-0.00349346672932804,-0.920314457344442,0.913327523885786,-0.471259278267651,0.464272344808995
"GDP-weighted country aggregates",95.1338265246941,-4.86617347530586,-0.122367396885798,-0.975552308902659,0.730817515131063,-0.557665821384196,0.312931027612601
"GDP-weighted country aggregates",95.6182046698952,-4.38179533010478,-0.241241327042267,-1.03505960912646,0.552576955041921,-0.646250654636241,0.163768000551706
"GDP-weighted country aggregates",96.1025828150963,-3.8974171849037,-0.360115257198736,-1.09986497262017,0.379634458222699,-0.737538581393347,0.0173080669958738
"GDP-weighted country aggregates",96.5869609602974,-3.41303903970262,-0.478989187355206,-1.17121098965432,0.213232614943907,-0.832163576283324,-0.125814798427087
"GDP-weighted country aggregates",97.0713391054985,-2.92866089450154,-0.597863117511676,-1.25052812446969,0.0548018894463345,-0.930855468000456,-0.264870767022895
"GDP-weighted country aggregates",97.5557172506995,-2.44428274930046,-0.716737047668145,-1.33933756537906,-0.0941365299572299,-1.03439037303086,-0.399083722305433
"GDP-weighted country aggregates",98.0400953959006,-1.95990460409937,-0.835610977824614,-1.43905973589561,-0.232162219753615,-1.14349299724859,-0.527728958400635
"GDP-weighted country aggregates",98.5244735411017,-1.47552645889829,-0.954484907981084,-1.55074710550672,-0.358222710455452,-1.25870031488192,-0.650269501080251
"GDP-weighted country aggregates",99.0088516863028,-0.991148313697209,-1.07335883813755,-1.67482871967435,-0.471888956600755,-1.38023122667674,-0.766486449598371
"GDP-weighted country aggregates",99.4932298315039,-0.506770168496129,-1.19223276829402,-1.81099171506637,-0.57347382152168,-1.50792610848399,-0.876539428104052
"GDP-weighted country aggregates",99.9776079767049,-0.0223920232950476,-1.31110669845049,-1.95826854501044,-0.663944851890547,-1.6412913140423,-0.980922082858683
"GDP-weighted country aggregates",100.461986121906,0.461986121906033,-1.42998062860696,-2.11527872629298,-0.744682530920947,-1.77962251518146,-1.08033874203246
"GDP-weighted country aggregates",100.946364267107,0.946364267107114,-1.54885455876343,-2.28050182033037,-0.817207297196497,-1.92214397793023,-1.17556513959663
"GDP-weighted country aggregates",101.430742412308,1.4307424123082,-1.6677284889199,-2.45248396270893,-0.882973015130868,-2.06811393473063,-1.26734304310917
"GDP-weighted country aggregates",101.915120557509,1.91512055750928,-1.78660241907637,-2.6299492027558,-0.943255635396942,-2.21688139034139,-1.35632344781136
"GDP-weighted country aggregates",102.39949870271,2.39949870271036,-1.90547634923284,-2.8118348031903,-0.99911789527538,-2.3679041318642,-1.44304856660148
"GDP-weighted country aggregates",102.883876847911,2.88387684791144,-2.02435027938931,-2.99728229253052,-1.0514182662481,-2.52074416364503,-1.52795639513359
"GDP-weighted country aggregates",103.368254993113,3.36825499311252,-2.14322420954578,-3.18560943725528,-1.10083898183628,-2.67505340735675,-1.61139501173481
"GDP-weighted country aggregates",103.852633138314,3.85263313831361,-2.26209813970225,-3.37627785111155,-1.14791842829295,-2.83055717613556,-1.69363910326893
"GDP-weighted country aggregates",104.337011283515,4.33701128351469,-2.38097206985872,-3.5688631007628,-1.19308103895464,-2.9870389223608,-1.77490521735664
"GDP-weighted country aggregates",104.821389428716,4.82138942871577,-2.49984600001519,-3.76302966793752,-1.23666233209285,-3.14432746324087,-1.8553645367895
"GDP-weighted country aggregates",105.305767573917,5.30576757391685,-2.61871993017166,-3.95851098183839,-1.27892887850493,-3.30228679326693,-1.93515306707639
"GDP-weighted country aggregates",105.790145719118,5.79014571911793,-2.73759386032813,-4.15509389594149,-1.32009382471476,-3.4608081642125,-2.01437955644376
"GDP-weighted country aggregates",106.274523864319,6.27452386431901,-2.8564677904846,-4.35260676979723,-1.36032881117196,-3.61980400441962,-2.09313157654958
"GDP-weighted country aggregates",106.75890200952,6.7589020095201,-2.97534172064107,-4.55091036258929,-1.39977307869284,-3.77920327265546,-2.17148016862667
"GDP-weighted country aggregates",107.243280154721,7.24328015472118,-3.09421565079753,-4.74989087594877,-1.4385404256463,-3.93894790852776,-2.24948339306731
"GDP-weighted country aggregates",107.727658299922,7.72765829992226,-3.213089580954,-4.94945462393482,-1.47672453797319,-4.09899011308707,-2.32718904882093
"GDP-weighted country aggregates",108.212036445123,8.21203644512334,-3.33196351111047,-5.14952393085147,-1.51440309136947,-4.25929025587629,-2.40463676634466
"GDP-weighted country aggregates",108.696414590324,8.69641459032442,-3.45083744126694,-5.35003395609881,-1.55164092643508,-4.41981525495667,-2.48185962757721
"GDP-weighted country aggregates",109.180792735526,9.1807927355255,-3.56971137142341,-5.55093022104782,-1.588492521799,-4.58053731510934,-2.55888542773749
"GDP-weighted country aggregates",109.665170880727,9.66517088072658,-3.68858530157988,-5.75216666994939,-1.62500393321037,-4.7414329385031,-2.63573766465666
"GDP-weighted country aggregates",110.149549025928,10.1495490259277,-3.80745923173635,-5.95370413930716,-1.66121432416555,-4.90248214376227,-2.71243631971043
"GDP-weighted country aggregates",110.633927171129,10.6339271711288,-3.92633316189282,-6.15550914155046,-1.69715718223519,-5.06366784539161,-2.78899847839403
"GDP-weighted country aggregates",111.11830531633,11.1183053163298,-4.04520709204929,-6.35755289207762,-1.73286129202096,-5.22497535736987,-2.86543882672871
"GDP-weighted country aggregates",111.602683461531,11.6026834615309,-4.16408102220576,-6.55981052595861,-1.76835151845291,-5.38639199350824,-2.94177005090328
"GDP-weighted country aggregates",112.087061606732,12.087061606732,-4.28295495236223,-6.76226046338991,-1.80364944133454,-5.54790674370288,-3.01800316102157
"GDP-weighted country aggregates",112.571439751933,12.5714397519331,-4.4018288825187,-6.96488389255842,-1.83877387247897,-5.70951001008999,-3.09414775494741
"GDP-weighted country aggregates",113.055817897134,13.0558178971342,-4.52070281267517,-7.16766434575123,-1.87374127959911,-5.8711933907752,-3.17021223457514
"GDP-weighted country aggregates",113.540196042335,13.5401960423352,-4.63957674283164,-7.37058734996888,-1.9085661356944,-6.03294950157513,-3.24620398408815
"GDP-weighted country aggregates",114.024574187536,14.0245741875363,-4.75845067298811,-7.57364013741586,-1.94326120856036,-6.19477182830839,-3.32212951766783
"GDP-weighted country aggregates",114.508952332737,14.5089523327374,-4.87732460314458,-7.77681140438562,-1.97783780190353,-6.35665460377776,-3.39799460251139
"GDP-weighted country aggregates",114.993330477938,14.9933304779385,-4.99619853330105,-7.98009110947301,-2.01230595712908,-6.51859270481736,-3.47380436178474
"GDP-weighted country aggregates",115.47770862314,15.4777086231396,-5.11507246345752,-8.18347030391342,-2.04667462300161,-6.68058156573094,-3.5495633611841
"GDP-weighted country aggregates",115.962086768341,15.9620867683406,-5.23394639361399,-8.38694098829883,-2.08095179892914,-6.84261710518789,-3.62527568204008
"GDP-weighted country aggregates",116.446464913542,16.4464649135417,-5.35282032377046,-8.590495991055,-2.11514465648591,-7.00469566422175,-3.70094498331916
"GDP-weighted country aggregates",116.930843058743,16.9308430587428,-5.47169425392692,-8.79412886495512,-2.14925964289873,-7.16681395343111,-3.77657455442274
"GDP-weighted country aggregates",117.415221203944,17.4152212039439,-5.59056818408339,-8.99783379864984,-2.18330256951694,-7.32896900784179,-3.852167360325
"GDP-weighted country aggregates",117.899599349145,17.899599349145,-5.70944211423986,-9.20160554075255,-2.21727868772718,-7.49115814817491,-3.92772608030482
"GDP-weighted country aggregates",118.383977494346,18.3839774943461,-5.82831604439633,-9.40543933446559,-2.25119275432708,-7.65337894749289,-4.00325314129977
"GDP-weighted country aggregates",118.868355639547,18.8683556395471,-5.9471899745528,-9.60933086109118,-2.28504908801442,-7.81562920237851,-4.0787507467271
"GDP-weighted country aggregates",119.352733784748,19.3527337847482,-6.06606390470927,-9.81327619105941,-2.31885161835913,-7.97790690794914,-4.1542209014694
"GDP-weighted country aggregates",119.837111929949,19.8371119299493,-6.18493783486574,-10.0172717413394,-2.35260392839205,-8.14021023612783,-4.22966543360365
"GDP-weighted country aggregates",120.32149007515,20.3214900751504,-6.30381176502221,-10.22131423829,-2.38630929175439,-8.30253751668947,-4.30508601335495
"GDP-weighted country aggregates",120.805868220351,20.8058682203515,-6.42268569517868,-10.4254006851609,-2.41997070519647,-8.46488722067981,-4.38048416967755
"GDP-weighted country aggregates",121.290246365553,21.2902463655525,-6.54155962533515,-10.6295283335831,-2.45359091708724,-8.6272579458698,-4.4558613048005
"GDP-weighted country aggregates",121.774624510754,21.7746245107536,-6.66043355549162,-10.8336946584921,-2.4871724524911,-8.78964840396127,-4.53121870702197
"GDP-weighted country aggregates",122.259002655955,22.2590026559547,-6.77930748564809,-11.0378973360137,-2.52071763528245,-8.95205740930403,-4.60655756199215
"GDP-weighted country aggregates",122.743380801156,22.7433808011558,-6.89818141580456,-11.2421342239131,-2.55422860769597,-9.11448386892119,-4.68187896268793
"GDP-weighted country aggregates",123.227758946357,23.2277589463569,-7.01705534596103,-11.4464033442706,-2.58770734765147,-9.27692677366998,-4.75718391825207
"GDP-weighted country aggregates",123.712137091558,23.712137091558,-7.1359292761175,-11.6507028680931,-2.62115568414188,-9.43938519039077,-4.83247336184422
"GDP-weighted country aggregates",124.196515236759,24.196515236759,-7.25480320627397,-11.8550311016167,-2.65457531093127,-9.6018582549182,-4.90774815762973
"GDP-weighted country aggregates",124.68089338196,24.6808933819601,-7.37367713643044,-12.0593864740862,-2.68796779877462,-9.76434516584667,-4.98300910701421
"GDP-weighted country aggregates",125.165271527161,25.1652715271612,-7.49255106658691,-12.2637675268324,-2.72133460634139,-9.92684517895707,-5.05825695421674
"GDP-weighted country aggregates",125.649649672362,25.6496496723623,-7.61142499674337,-12.4681729034869,-2.75467708999983,-10.0893576022248,-5.13349239126197
"GDP-weighted country aggregates",126.134027817563,26.1340278175634,-7.73029892689984,-12.6726013412018,-2.78799651259788,-10.2518817913396,-5.20871606246007
"GDP-weighted country aggregates",126.618405962764,26.6184059627644,-7.84917285705631,-12.8770516627545,-2.8212940513581,-10.4144171456779,-5.28392856843477
"GDP-weighted country aggregates",127.102784107966,27.1027841079655,-7.96804678721278,-13.0815227694367,-2.85457080498887,-10.576963104674,-5.35913046975161
"GDP-weighted country aggregates",127.587162253167,27.5871622531666,-8.08692071736925,-13.2860136346375,-2.88782780010096,-10.739519144547,-5.43432229019155
"GDP-weighted country aggregates",128.071540398368,28.0715403983677,-8.20579464752572,-13.4905232980446,-2.92106599700684,-10.9020847753415,-5.50950451970997
"Direct euro area EA-MD factors",80.1181040234606,-19.8818959765394,0.851480973392398,-3.0897543074719,4.79271625425669,-1.15935335357918,2.86231530036398
"Direct euro area EA-MD factors",80.6024821686617,-19.3975178313383,0.802099891061937,-3.03710973689859,4.64130951902247,-1.1566805313669,2.76088031349078
"Direct euro area EA-MD factors",81.0868603138628,-18.9131396861372,0.752718808731475,-2.98453143700595,4.4899690544689,-1.15404152072639,2.65947913818934
"Direct euro area EA-MD factors",81.5712384590638,-18.4287615409362,0.703337726401012,-2.93202498379013,4.33870043659215,-1.15143916655365,2.55811461935568
"Direct euro area EA-MD factors",82.0556166042649,-17.9443833957351,0.65395664407055,-2.87959659220259,4.18750988034369,-1.14887663974227,2.45678992788337
"Direct euro area EA-MD factors",82.539994749466,-17.460005250534,0.604575561740088,-2.82725320963657,4.03640433311675,-1.14635748488066,2.35550860836083
"Direct euro area EA-MD factors",83.0243728946671,-16.9756271053329,0.555194479409626,-2.77500262617815,3.8853915849974,-1.1438856765025,2.25427463532176
"Direct euro area EA-MD factors",83.5087510398682,-16.4912489601318,0.505813397079164,-2.72285360520304,3.73448039936137,-1.14146568571788,2.15309247987621
"Direct euro area EA-MD factors",83.9931291850693,-16.0068708149307,0.456432314748702,-2.67081603879327,3.58368066829068,-1.13910255950741,2.05196718900481
"Direct euro area EA-MD factors",84.4775073302703,-15.5224926697297,0.40705123241824,-2.61890113359485,3.43300359843133,-1.13680201554762,1.9509044803841
"Direct euro area EA-MD factors",84.9618854754714,-15.0381145245286,0.357670150087778,-2.56712163422332,3.28246193439888,-1.1345705561934,1.84991085636895
"Direct euro area EA-MD factors",85.4462636206725,-14.5537363793275,0.308289067757315,-2.51549209325914,3.13207022877377,-1.13241560623067,1.7489937417453
"Direct euro area EA-MD factors",85.9306417658736,-14.0693582341264,0.258907985426853,-2.4640291994148,2.98184517026851,-1.13034568030868,1.64816165116239
"Direct euro area EA-MD factors",86.4150199110747,-13.5849800889253,0.209526903096391,-2.412752178813,2.83180598500578,-1.12837058767371,1.54742439386649
"Direct euro area EA-MD factors",86.8993980562757,-13.1006019437243,0.160145820765929,-2.36168328878729,2.68197493031915,-1.12650168410816,1.44679332564002
"Direct euro area EA-MD factors",87.3837762014768,-12.6162237985232,0.110764738435467,-2.31084842962103,2.53237790649197,-1.12475218404234,1.34628166091327
"Direct euro area EA-MD factors",87.8681543466779,-12.1318456533221,0.061383656105005,-2.26027790776763,2.38304521997764,-1.12313754995246,1.24590486216247
"Direct euro area EA-MD factors",88.352532491879,-11.647467508121,0.0120025737745428,-2.21000739518749,2.23401254273657,-1.12167598181833,1.14568112936742
"Direct euro area EA-MD factors",88.8369106370801,-11.1630893629199,-0.0373785085559193,-2.16007914470648,2.08532212759464,-1.12038903720416,1.04563202009233
"Direct euro area EA-MD factors",89.3212887822812,-10.6787112177188,-0.0867595908863814,-2.1105435424992,1.93702436072644,-1.1193024233419,0.945783241569137
"Direct euro area EA-MD factors",89.8056669274822,-10.1943330725178,-0.136140673216844,-2.06146110847987,1.78917976204618,-1.1184470177388,0.846165671305109
"Direct euro area EA-MD factors",90.2900450726833,-9.70995492731668,-0.185521755547306,-2.01290509727434,1.64186158617973,-1.11786019520396,0.746816684109346
"Direct euro area EA-MD factors",90.7744232178844,-9.2255767821156,-0.234902837877768,-1.96496491200857,1.49515923625303,-1.11758756957716,0.647781893821619
"Direct euro area EA-MD factors",91.2588013630855,-8.74119863691452,-0.28428392020823,-1.91775062835207,1.34918278793562,-1.11768530191427,0.549117461497813
"Direct euro area EA-MD factors",91.7431795082866,-8.25682049171344,-0.333665002538692,-1.87139904860357,1.20406904352618,-1.11822318930649,0.450893184229101
"Direct euro area EA-MD factors",92.2275576534877,-7.77244234651235,-0.383046084869154,-1.82608188130112,1.05998971156281,-1.11928883815077,0.353196668412462
"Direct euro area EA-MD factors",92.7119357986887,-7.28806420131127,-0.432427167199616,-1.78201689251812,0.917162558118888,-1.12099335358661,0.256139019187376
"Direct euro area EA-MD factors",93.1963139438898,-6.80368605611019,-0.481808249530078,-1.73948322627516,0.775866727215002,-1.12347915603267,0.159862656972514
"Direct euro area EA-MD factors",93.6806920890909,-6.31930791090911,-0.53118933186054,-1.69884256425466,0.636463900533581,-1.12693077695958,0.064552113238501
"Direct euro area EA-MD factors",94.165070234292,-5.83492976570803,-0.580570414191003,-1.66056837652907,0.499427548147062,-1.13158978273083,-0.0295510456511737
"Direct euro area EA-MD factors",94.6494483794931,-5.35055162050695,-0.629951496521465,-1.62528607832426,0.365383085281327,-1.13777526274738,-0.12212773029555
"Direct euro area EA-MD factors",95.1338265246941,-4.86617347530586,-0.679332578851927,-1.59382700986556,0.235161852161702,-1.14591137018541,-0.212753787518443
"Direct euro area EA-MD factors",95.6182046698952,-4.38179533010478,-0.728713661182389,-1.56729758812207,0.109870265757293,-1.15656260349855,-0.300864718866225
"Direct euro area EA-MD factors",96.1025828150963,-3.8974171849037,-0.778094743512851,-1.54715894384495,-0.00903054318075414,-1.17047443755984,-0.385715049465863
"Direct euro area EA-MD factors",96.5869609602974,-3.41303903970262,-0.827475825843313,-1.535296629075,-0.119655022611625,-1.18860888871662,-0.466342762970003
"Direct euro area EA-MD factors",97.0713391054985,-2.92866089450154,-0.876856908173775,-1.53402860437416,-0.219685211973391,-1.21214858990867,-0.541565226438885
"Direct euro area EA-MD factors",97.5557172506995,-2.44428274930046,-0.926237990504237,-1.54595791969037,-0.306518061318106,-1.2424216278441,-0.610054353164374
"Direct euro area EA-MD factors",98.0400953959006,-1.95990460409937,-0.975619072834699,-1.57356952773734,-0.377668617932061,-1.28069583554013,-0.670542310129272
"Direct euro area EA-MD factors",98.5244735411017,-1.47552645889829,-1.02500015516516,-1.618591349465,-0.431408960865319,-1.32785280531814,-0.722147505012181
"Direct euro area EA-MD factors",99.0088516863028,-0.991148313697209,-1.07438123749562,-1.68139859221177,-0.467363882779475,-1.38408396949366,-0.764678505497589
"Direct euro area EA-MD factors",99.4932298315039,-0.506770168496129,-1.12376231982609,-1.76086783341634,-0.486656806235832,-1.4488161532905,-0.798708486361671
"Direct euro area EA-MD factors",99.9776079767049,-0.0223920232950476,-1.17314340215655,-1.85479625039518,-0.491490553917911,-1.52092546758442,-0.825361336728672
"Direct euro area EA-MD factors",100.461986121906,0.461986121906033,-1.22252448448701,-1.96057026837906,-0.484478700594964,-1.5990784558605,-0.845970513113517
"Direct euro area EA-MD factors",100.946364267107,0.946364267107114,-1.27190556681747,-2.07570053835812,-0.468110595276819,-1.68200504209332,-0.861806091541629
"Direct euro area EA-MD factors",101.430742412308,1.4307424123082,-1.32128664914793,-2.19808476557582,-0.444488532720049,-1.76863262691726,-0.873940671378605
"Direct euro area EA-MD factors",101.915120557509,1.91512055750928,-1.3706677314784,-2.32606153573566,-0.415273927221131,-1.858113549977,-0.883221912979792
"Direct euro area EA-MD factors",102.39949870271,2.39949870271036,-1.42004881380886,-2.45836163227884,-0.381735995338873,-1.94980025180375,-0.890297375813968
"Direct euro area EA-MD factors",102.883876847911,2.88387684791144,-1.46942989613932,-2.59402915824527,-0.344830634033375,-2.04320502986684,-0.895654762411797
"Direct euro area EA-MD factors",103.368254993113,3.36825499311252,-1.51881097846978,-2.7323460192509,-0.305275937688668,-2.13796150948056,-0.89966044745901
"Direct euro area EA-MD factors",103.852633138314,3.85263313831361,-1.56819206080024,-2.87277049601303,-0.263613625587459,-2.23379330325575,-0.902590818344742
"Direct euro area EA-MD factors",104.337011283515,4.33701128351469,-1.61757314313071,-3.01489067883442,-0.220255607426995,-2.33049025318362,-0.904656033077793
"Direct euro area EA-MD factors",104.821389428716,4.82138942871577,-1.66695422546117,-3.15839027876422,-0.175518172158117,-2.42789098735048,-0.906017463571857
"Direct euro area EA-MD factors",105.305767573917,5.30576757391685,-1.71633530779163,-3.30302384375057,-0.129646771832697,-2.52587027511762,-0.906800340465644
"Direct euro area EA-MD factors",105.790145719118,5.79014571911793,-1.76571639012209,-3.44859883483981,-0.0828339454043809,-2.62432988232501,-0.907102897919179
"Direct euro area EA-MD factors",106.274523864319,6.27452386431901,-1.81509747245256,-3.59496261871473,-0.0352323261903857,-2.72319193483121,-0.907003010073897
"Direct euro area EA-MD factors",106.75890200952,6.7589020095201,-1.86447855478302,-3.74199296446484,0.0130358548988048,-2.8223940699268,-0.906563039639231
"Direct euro area EA-MD factors",107.243280154721,7.24328015472118,-1.91385963711348,-3.8895910413765,0.0618717671495439,-2.92188586377829,-0.905833410448672
"Direct euro area EA-MD factors",107.727658299922,7.72765829992226,-1.96324071944394,-4.03767621098462,0.111194772096741,-3.02162617431164,-0.904855264576246
"Direct euro area EA-MD factors",108.212036445123,8.21203644512334,-2.0126218017744,-4.18618211583987,0.160938512291061,-3.12158114568536,-0.903662457863452
"Direct euro area EA-MD factors",108.696414590324,8.69641459032442,-2.06200288410487,-4.33505371344004,0.211047945230309,-3.22172269499016,-0.902283073219573
"Direct euro area EA-MD factors",109.180792735526,9.1807927355255,-2.11138396643533,-4.48424500538104,0.261477072510384,-3.32202735365253,-0.900740579218128
"Direct euro area EA-MD factors",109.665170880727,9.66517088072658,-2.16076504876579,-4.63371728265466,0.31218718512308,-3.42247537217848,-0.899054725353101
"Direct euro area EA-MD factors",110.149549025928,10.1495490259277,-2.21014613109625,-4.7834377577079,0.363145495515396,-3.52305002222464,-0.89724223996786
"Direct euro area EA-MD factors",110.633927171129,10.6339271711288,-2.25952721342671,-4.93337848895187,0.414324062098445,-3.62373704787833,-0.895317378975102
"Direct euro area EA-MD factors",111.11830531633,11.1183053163298,-2.30890829575718,-5.0835155283596,0.465698936845243,-3.72452423075841,-0.893292360755942
"Direct euro area EA-MD factors",111.602683461531,11.6026834615309,-2.35828937808764,-5.23382824068992,0.517249484514643,-3.82540104268064,-0.891177713494638
"Direct euro area EA-MD factors",112.087061606732,12.087061606732,-2.4076704604181,-5.38429875582326,0.568957834987059,-3.92635836623706,-0.888982554599141
"Direct euro area EA-MD factors",112.571439751933,12.5714397519331,-2.45705154274856,-5.53491152514241,0.620808439645287,-4.02738826845971,-0.886714817037415
"Direct euro area EA-MD factors",113.055817897134,13.0558178971342,-2.50643262507902,-5.68565295984359,0.672787709685544,-4.12848381628544,-0.884381433872612
"Direct euro area EA-MD factors",113.540196042335,13.5401960423352,-2.55581370740949,-5.83651113422042,0.724883719401441,-4.22963892517016,-0.881988489648809
"Direct euro area EA-MD factors",114.024574187536,14.0245741875363,-2.60519478973995,-5.9874755408207,0.777085961340804,-4.33084823416891,-0.879541345310993
"Direct euro area EA-MD factors",114.508952332737,14.5089523327374,-2.65457587207041,-6.13853688728329,0.829385143142468,-4.43210700228106,-0.877044741859758
"Direct euro area EA-MD factors",114.993330477938,14.9933304779385,-2.70395695440087,-6.2896869268694,0.881773018067657,-4.53341102198686,-0.874502886814889
"Direct euro area EA-MD factors",115.47770862314,15.4777086231396,-2.75333803673134,-6.44091831639162,0.934242242928947,-4.63475654676209,-0.871919526700579
"Direct euro area EA-MD factors",115.962086768341,15.9620867683406,-2.8027191190618,-6.59222449654365,0.986786258420057,-4.73614023002193,-0.869298008101668
"Direct euro area EA-MD factors",116.446464913542,16.4464649135417,-2.85210020139226,-6.74359959064219,1.03939918785767,-4.83755907345855,-0.866641329325967
"Direct euro area EA-MD factors",116.930843058743,16.9308430587428,-2.90148128372272,-6.89503831857843,1.09207575113299,-4.9390103831389,-0.863952184306541
"Direct euro area EA-MD factors",117.415221203944,17.4152212039439,-2.95086236605318,-7.04653592339424,1.14481119128787,-5.04049173204352,-0.86123300006285
"Direct euro area EA-MD factors",117.899599349145,17.899599349145,-3.00024344838365,-7.19808810838527,1.19760121161798,-5.14200092797631,-0.858485968790981
"Direct euro area EA-MD factors",118.383977494346,18.3839774943461,-3.04962453071411,-7.34969098302037,1.25044192159216,-5.24353598597241,-0.855713075455809
"Direct euro area EA-MD factors",118.868355639547,18.8683556395471,-3.09900561304457,-7.50134101627541,1.30332979018627,-5.34509510448888,-0.852916121600262
"Direct euro area EA-MD factors",119.352733784748,19.3527337847482,-3.14838669537503,-7.65303499622759,1.35626160547752,-5.4466766447896,-0.850096745960464
"Direct euro area EA-MD factors",119.837111929949,19.8371119299493,-3.19776777770549,-7.80476999495612,1.40923443954513,-5.54827911303745,-0.847256442373544
"Direct euro area EA-MD factors",120.32149007515,20.3214900751504,-3.24714886003596,-7.95654333795716,1.46224561788525,-5.64990114468963,-0.844396575382281
"Direct euro area EA-MD factors",120.805868220351,20.8058682203515,-3.29652994236642,-8.10835257741247,1.51529269267964,-5.7515414908593,-0.841518393873533
"Direct euro area EA-MD factors",121.290246365553,21.2902463655525,-3.34591102469688,-8.26019546875917,1.56837341936541,-5.85319900636132,-0.838623043032447
"Direct euro area EA-MD factors",121.774624510754,21.7746245107536,-3.39529210702734,-8.41206995009633,1.62148573604164,-5.9548726392054,-0.835711574849289
"Direct euro area EA-MD factors",122.259002655955,22.2590026559547,-3.4446731893578,-8.56397412403701,1.6746277453214,-6.05656142133699,-0.832784957378616
"Direct euro area EA-MD factors",122.743380801156,22.7433808011558,-3.49405427168827,-8.7159062416747,1.72779769829816,-6.15826446045686,-0.82984408291968
"Direct euro area EA-MD factors",123.227758946357,23.2277589463569,-3.54343535401873,-8.86786468838304,1.78099398034558,-6.25998093277603,-0.826889775261427
"Direct euro area EA-MD factors",123.712137091558,23.712137091558,-3.59281643634919,-9.01984797120979,1.83421509851141,-6.36171007658419,-0.823922796114191
"Direct euro area EA-MD factors",124.196515236759,24.196515236759,-3.64219751867965,-9.17185470766053,1.88745967030122,-6.46345118652704,-0.820943850832268
"Direct euro area EA-MD factors",124.68089338196,24.6808933819601,-3.69157860101012,-9.32388361569714,1.94072641367691,-6.56520360850349,-0.817953593516737
"Direct euro area EA-MD factors",125.165271527161,25.1652715271612,-3.74095968334058,-9.47593350480075,1.99401413811959,-6.66696673510597,-0.814952631575184
"Direct euro area EA-MD factors",125.649649672362,25.6496496723623,-3.79034076567104,-9.6280032679696,2.04732173662752,-6.76874000153765,-0.811941529804429
"Direct euro area EA-MD factors",126.134027817563,26.1340278175634,-3.8397218480015,-9.78009187453992,2.10064817853692,-6.87052288194968,-0.808920814053329
"Direct euro area EA-MD factors",126.618405962764,26.6184059627644,-3.88910293033196,-9.9321983637331,2.15399250306917,-6.97231488614887,-0.805890974515057
"Direct euro area EA-MD factors",127.102784107966,27.1027841079655,-3.93848401266243,-10.0843218388449,2.20735381352007,-7.07411555663309,-0.802852468691766
"Direct euro area EA-MD factors",127.587162253167,27.5871622531666,-3.98786509499289,-10.2364614620038,2.260731272018,-7.17592446591681,-0.799805724068966
"Direct euro area EA-MD factors",128.071540398368,28.0715403983677,-4.03724617732335,-10.3886164494341,2.31412409478738,-7.27774121411454,-0.796751140532159
