"model","block","year_month","cross_sec_sd","cross_sec_sd_w","climate_index","fragmentation_index"
"factor_midas","Expenditures","2013-01",4.2848091636153,2.37284760221302,132.647800431259,120.695924141774
"factor_midas","Expenditures","2013-02",2.90023240322762,1.16383708119327,103.892362018112,113.671478737939
"factor_midas","Expenditures","2013-03",0.775843785430763,0.471820408909284,105.347964783175,104.768464444757
"factor_midas","Expenditures","2013-04",1.20288456951242,0.887991876215055,122.738865081865,111.004012969537
"factor_midas","Expenditures","2013-05",2.05105506752413,1.30907872717157,110.044394790546,114.831108512374
"factor_midas","Expenditures","2013-06",0.791570187599249,0.538477922055786,94.2647810833592,106.071535935475
"factor_midas","Expenditures","2013-07",0.0982733241357758,0.0825177579495622,101.494528701189,87.575510155501
"factor_midas","Expenditures","2013-08",0.598951335895973,0.502203642181087,87.1907736290791,105.38384338772
"factor_midas","Expenditures","2013-09",0.115188874320541,0.108047928212808,100.683575287917,90.2335720876997
"factor_midas","Expenditures","2013-10",0.338587428841867,0.26147798876064,102.598412860377,98.9482074014909
"factor_midas","Expenditures","2013-11",1.79763605200811,1.62090820774237,83.2455255431672,116.937973478827
"factor_midas","Expenditures","2013-12",0.140098536338142,0.112563760948157,101.368761712797,90.6373173128685
"factor_midas","Expenditures","2014-01",0.178583308478153,0.121330154355488,98.6451870340995,91.3768253882366
"factor_midas","Expenditures","2014-02",2.0333470719079,1.45874575726007,107.901682132048,115.898561667253
"factor_midas","Expenditures","2014-03",0.286856387453791,0.219650642086121,103.832904596616,97.2293722423851
"factor_midas","Expenditures","2014-04",0.68222831693372,0.662838672374529,89.3422112940466,108.12044121112
"factor_midas","Expenditures","2014-05",0.387796777049718,0.326517127113833,108.217624687101,101.138585637608
"factor_midas","Expenditures","2014-06",0.525063581421892,0.500218271150747,107.784841592119,105.344783670027
"factor_midas","Expenditures","2014-07",0.344994249704454,0.313565537298061,96.026276290676,100.739483824479
"factor_midas","Expenditures","2014-08",0.804916692525438,0.607394872417683,90.7922966562675,107.259084886908
"factor_midas","Expenditures","2014-09",0.138399063295759,0.0937659749752641,100.969630073672,88.8355935519099
"factor_midas","Expenditures","2014-10",0.811694534269971,0.774702018352106,111.501539440511,109.658184941349
"factor_midas","Expenditures","2014-11",1.0202338168286,0.890519347803251,104.156209402959,111.032039372882
"factor_midas","Expenditures","2014-12",0.75360640892621,0.717984192716067,109.845672139349,108.908467532143
"factor_midas","Expenditures","2015-01",0.640204699365169,0.627216374611049,92.0244945420375,107.575736028415
"factor_midas","Expenditures","2015-02",1.3818114574109,1.32068000919806,95.6003331156212,114.918110725267
"factor_midas","Expenditures","2015-03",0.130693772661035,0.113856992660329,102.271783454979,90.7499598024217
"factor_midas","Expenditures","2015-04",0.524087413878794,0.431524585952241,110.364126098292,103.888161621588
"factor_midas","Expenditures","2015-05",1.08991968681899,0.963150018234957,110.380253195286,111.805160569016
"factor_midas","Expenditures","2015-06",0.624345154482975,0.432354517265832,94.0697738213781,103.907108022348
"factor_midas","Expenditures","2015-07",0.53279738083326,0.523485186993544,102.728515265249,105.793092042949
"factor_midas","Expenditures","2015-08",0.693246000622064,0.502371813266078,98.6927868110453,105.387144848716
"factor_midas","Expenditures","2015-09",0.220002326231525,0.21473046162557,97.343752176725,97.0059810299932
"factor_midas","Expenditures","2015-10",0.0632825482217358,0.051613254314706,98.9881937523631,82.9485280760048
"factor_midas","Expenditures","2015-11",1.37019953433287,1.21210090544599,112.827957155553,114.072145927792
"factor_midas","Expenditures","2015-12",2.4803572898464,2.3840243064967,136.008071765119,120.742261418467
"factor_midas","Expenditures","2016-01",0.23174737943437,0.210715696227013,103.300249912987,96.819872678673
"factor_midas","Expenditures","2016-02",0.634903194226155,0.550829360684966,100.7196984911,106.295162377688
"factor_midas","Expenditures","2016-03",0.167961618751641,0.164355049660877,97.6373479840369,94.3696800708879
"factor_midas","Expenditures","2016-04",0.102650144428241,0.0856634399903425,99.9924983423412,87.9444244112037
"factor_midas","Expenditures","2016-05",0.35084598618228,0.323997327691823,93.5305481364334,101.062193511652
"factor_midas","Expenditures","2016-06",0.139330205706547,0.1008847209893,100.163563032007,89.5571638977219
"factor_midas","Expenditures","2016-07",0.141693715950296,0.130079591112052,103.53526779403,92.0634364797372
"factor_midas","Expenditures","2016-08",0.373475157840843,0.265859146840822,95.7055650771417,99.112057974266
"factor_midas","Expenditures","2016-09",0.191469832659037,0.187897316000792,98.0132987945442,95.6896974003866
"factor_midas","Expenditures","2016-10",0.969687865250106,0.935987554888211,88.0058943605833,111.523075728883
"factor_midas","Expenditures","2016-11",0.256028078811099,0.183259246700215,110.900032302566,95.443241000361
"factor_midas","Expenditures","2016-12",0.379747929620001,0.372977219320175,95.6810364965995,102.450402244232
"factor_midas","Expenditures","2017-01",0.248572373223781,0.23534930472909,99.9303255232077,97.9100806822759
"factor_midas","Expenditures","2017-02",0.375636343347163,0.327675545097104,100.640657795152,101.173507506154
"factor_midas","Expenditures","2017-03",0.341910253317368,0.330456526598087,104.362507708257,101.25684204439
"factor_midas","Expenditures","2017-04",0.0420742109359379,0.040016604214971,100.35001839042,80.4391393287913
"factor_midas","Expenditures","2017-05",0.219087985144681,0.216019455141579,96.2353405511321,97.0649962771701
"factor_midas","Expenditures","2017-06",0.0957089215950137,0.079740712375309,99.6945573790299,87.2379466849172
"factor_midas","Expenditures","2017-07",0.104820248487632,0.101855942446521,99.8087467802812,89.6516391654139
"factor_midas","Expenditures","2017-08",0.6673610037238,0.464563452428047,97.2421445986564,104.615621042149
"factor_midas","Expenditures","2017-09",0.39215195548581,0.289389957778367,100.430178802409,99.9483281841476
"factor_midas","Expenditures","2017-10",0.108145844904573,0.088182733513173,101.299574120488,88.2302370579155
"factor_midas","Expenditures","2017-11",0.55271405105516,0.425812125946977,93.9880036565146,103.756755504622
"factor_midas","Expenditures","2017-12",0.0780738667430443,0.0758801332917139,100.337531505873,86.7486061409548
"factor_midas","Expenditures","2018-01",0.0967470735267095,0.0774679191968668,100.196782767231,86.9528112491566
"factor_midas","Expenditures","2018-02",0.642692960857755,0.442509111816593,105.502602624269,104.136025595872
"factor_midas","Expenditures","2018-03",0.07715521670933,0.0714205365508758,98.8319898699241,86.151349460761
"factor_midas","Expenditures","2018-04",0.191129111927353,0.189258503308216,97.6309124825814,95.7608738575451
"factor_midas","Expenditures","2018-05",0.600413155643755,0.502777569591498,93.0540333283378,105.395105931055
"factor_midas","Expenditures","2018-06",0.118210341706877,0.0926025629519685,100.060123511221,88.7124805291377
"factor_midas","Expenditures","2018-07",0.124801114775113,0.088743171036483,99.5265581262724,88.2927075082467
"factor_midas","Expenditures","2018-08",0.480263981123575,0.444448482339694,93.4441672668129,104.179147311335
"factor_midas","Expenditures","2018-09",0.144837801243556,0.139945783905009,99.8274804452775,92.784337765603
"factor_midas","Expenditures","2018-10",0.105368538496287,0.0863016913066338,100.390035617601,88.0176209796609
"factor_midas","Expenditures","2018-11",0.397243568009246,0.278128998397396,102.24942645615,99.5569564739348
"factor_midas","Expenditures","2018-12",0.0977488378774432,0.0750826092989309,102.48978190749,86.6444186873016
"factor_midas","Expenditures","2019-01",0.204240062584026,0.194746030794799,98.8269533089166,96.0427169044344
"factor_midas","Expenditures","2019-02",0.111964950642503,0.0973239380552575,100.220853945787,89.2028346459073
"factor_midas","Expenditures","2019-03",0.130943069643637,0.113074185280649,99.8052933088525,90.6819298965708
"factor_midas","Expenditures","2019-04",0.129308696626378,0.120224330361825,99.0087364943851,91.2865412740596
"factor_midas","Expenditures","2019-05",0.0954561355290741,0.0767847297016642,98.9607719030969,86.8654640884081
"factor_midas","Expenditures","2019-06",0.0247136584012351,0.0188968670989394,99.9812169622531,73.0406783772502
"factor_midas","Expenditures","2019-07",0.0947225580832338,0.0937711420946016,100.102750570744,88.8361369256674
"factor_midas","Expenditures","2019-08",0.622305542476495,0.599652235185663,104.165156427209,107.132579781708
"factor_midas","Expenditures","2019-09",0.19415530399232,0.179632449428085,98.4813386177809,95.2461357859762
"factor_midas","Expenditures","2019-10",0.0775535438813338,0.0632936613858306,100.14480303864,84.9601751985132
"factor_midas","Expenditures","2019-11",0.267289494223394,0.192432294352027,101.132311691037,95.9248626069007
"factor_midas","Expenditures","2019-12",0.0661115826103684,0.0605165534037306,100.724542745657,84.5177431857391
"factor_midas","Expenditures","2020-01",0.107256136112338,0.0980805317644808,100.189951466619,89.2791949775673
"factor_midas","Expenditures","2020-02",0.715947061976231,0.550457005239244,100.584917577382,106.288494388802
"factor_midas","Expenditures","2020-03",0.639930157276356,0.559306899028566,108.778363795022,106.445767353488
"factor_midas","Expenditures","2020-04",1.51375491871444,1.06103670416223,105.950815975329,112.759602124604
"factor_midas","Expenditures","2020-05",1.25300835967839,0.920631818064475,90.2117143744754,111.359960282411
"factor_midas","Expenditures","2020-06",1.22249373227886,0.878349887608828,96.8820225608508,110.896358121158
"factor_midas","Expenditures","2020-07",0.934135162990568,0.713265237693128,105.094333363041,108.843444159997
"factor_midas","Expenditures","2020-08",5.17347918557446,4.85958733402431,23.2120943289443,127.764687351187
"factor_midas","Expenditures","2020-09",1.03894210012126,0.98214704249808,105.348639308966,111.997758162722
"factor_midas","Expenditures","2020-10",0.623283604407396,0.535652373527388,91.0536478080933,106.019657817788
"factor_midas","Expenditures","2020-11",0.945586711619131,0.744169217231646,97.2674038035302,109.261686389908
"factor_midas","Expenditures","2020-12",0.157542835321739,0.156529694931806,91.1090448609777,93.8886430703337
"factor_midas","Expenditures","2021-01",2.47104580665673,2.41674269271023,98.8338902575539,120.876669497404
"factor_midas","Expenditures","2021-02",2.79305626762738,2.5643422902936,84.31127570949,121.461225044038
"factor_midas","Expenditures","2021-03",0.496561787029436,0.375425015436077,101.948085229754,102.514905126002
"factor_midas","Expenditures","2021-04",0.237189018334997,0.172108700917384,99.5749159075665,94.8242307180668
"factor_midas","Expenditures","2021-05",0.550348490845102,0.474204716851804,91.1436637702667,104.818169206631
"factor_midas","Expenditures","2021-06",0.440110410349693,0.397370702168086,105.391273106085,103.075099388392
"factor_midas","Expenditures","2021-07",0.346371710036036,0.343025434237042,97.3298325327333,101.6249366041
"factor_midas","Expenditures","2021-08",0.53856654653322,0.383290322475579,110.446311302108,102.719356380137
"factor_midas","Expenditures","2021-09",0.282458089526156,0.265687775248144,99.2138994348542,99.105699767544
"factor_midas","Expenditures","2021-10",0.327054718930029,0.279248809631816,93.7438109289978,99.596578176622
"factor_midas","Expenditures","2021-11",1.45959419061597,1.03022571179083,104.040862589225,112.469021947397
"factor_midas","Expenditures","2021-12",0.290448178046797,0.258219594247255,103.801058654693,98.824556848434
"factor_midas","Expenditures","2022-01",2.74408650839364,2.726584644133,58.2050958217132,122.066156342995
"factor_midas","Expenditures","2022-02",2.35119840540378,2.28832730034883,126.883919839392,120.338280384268
"factor_midas","Expenditures","2022-03",0.518196590284551,0.507351743063674,92.8423890108937,105.484410983327
"factor_midas","Expenditures","2022-04",1.46184245415791,1.36335165502287,108.226556875798,115.231674408103
"factor_midas","Expenditures","2022-05",0.499389957237214,0.366288295884285,96.0971684981387,102.271956977637
"factor_midas","Expenditures","2022-06",0.677983413244245,0.628726071874867,95.0501011396478,107.599441999064
"factor_midas","Expenditures","2022-07",1.31069955733252,1.2469500241032,109.693584531877,114.351651683944
"factor_midas","Expenditures","2022-08",0.263630002257632,0.255145142934526,99.271258335709,98.7064475249689
"factor_midas","Expenditures","2022-09",0.731417491648148,0.710916830679787,94.8715228058953,108.810924525737
"factor_midas","Expenditures","2022-10",0.958461241563825,0.804423024142701,107.094017630533,110.029408623358
"factor_midas","Expenditures","2022-11",0.584971208880896,0.472973787000142,100.074670929109,104.792539766521
"factor_midas","Expenditures","2022-12",0.192249170174556,0.160483009428142,100.205103814862,94.1345918182526
"factor_midas","Expenditures","2023-01",0.880650660476453,0.71464295227689,99.351966288787,108.862472307504
"factor_midas","Expenditures","2023-02",0.420797522462459,0.383078773357501,105.936975801395,102.713912473726
"factor_midas","Expenditures","2023-03",0.336871108259371,0.263926283230897,100.728140530772,99.0401063620098
"factor_midas","Expenditures","2023-04",0.0984535024817998,0.0917153912115411,99.8583037338621,88.617555483267
"factor_midas","Expenditures","2023-05",0.376463606975024,0.28390250041344,96.8127185668751,99.759552697778
"factor_midas","Expenditures","2023-06",0.393653023357917,0.352693290610421,99.6519444329507,101.899006830322
"factor_midas","Expenditures","2023-07",0.241003599471564,0.176282411857697,98.0686381105516,95.0605033838133
"factor_midas","Expenditures","2023-08",0.60164304175214,0.452919612835498,97.4439136559396,104.365322178159
"factor_midas","Expenditures","2023-09",0.101389830046946,0.0934113596971658,100.263734539263,88.7982305203286
"factor_midas","Expenditures","2023-10",0.163361396863322,0.136866426567146,99.2587839975094,92.5649410283762
"factor_midas","Expenditures","2023-11",0.245728830990352,0.22755105339491,102.565073217111,97.5778129212644
"factor_midas","Expenditures","2023-12",0.0766806570113944,0.0620914049261247,97.7609158049905,84.7710706308612
"factor_midas","Expenditures","2024-01",0.413975776962089,0.350986057562835,97.2717323938125,101.851159659939
"factor_midas","Expenditures","2024-02",0.212982088947081,0.171030685627286,97.5316797356519,94.7622733183503
"factor_midas","Expenditures","2024-03",0.173054972149851,0.151566434016276,98.598063659046,93.5709148127636
"factor_midas","Expenditures","2024-04",0.349691368753173,0.280694530903974,97.8254090185718,99.6474970582037
"factor_midas","Expenditures","2024-05",0.107846896511745,0.0788283387783489,105.752165626542,87.124472655283
"factor_midas","Expenditures","2024-06",0.118516506005672,0.105235864930456,99.7096419452582,89.9735382865916
"factor_midas","Expenditures","2024-07",0.211402859405046,0.1938977913513,100.552155078795,95.9996736809395
"factor_midas","Expenditures","2024-08",0.307930911938241,0.257706522676043,100.673103540743,98.8049445729384
"factor_midas","Expenditures","2024-09",0.0413401989419147,0.0391156890527113,100.938345992637,80.2146031575792
"factor_midas","Expenditures","2024-10",0.246719876534795,0.234977216207416,98.6701270442863,97.894478537678
"factor_midas","Expenditures","2024-11",0.29403215517084,0.225936190693222,101.726512319105,97.5075850074354
"factor_midas","Expenditures","2024-12",0.116848005201896,0.10902952462795,98.882966705908,90.3227502688401
"factor_midas","Expenditures","2025-01",0.26952819254309,0.20711368968962,99.4443729561886,96.6498551580442
"factor_midas","Expenditures","2025-02",0.532586026395484,0.458486741779163,106.240910243521,104.485787496628
"factor_midas","Expenditures","2025-03",0.219808263435364,0.185280839680011,103.226682901412,95.551421939433
"factor_midas","Expenditures","2025-04",0.166578059384178,0.156841823952852,102.850722119401,93.9082862674552
"factor_midas","Expenditures","2025-05",0.580045282866743,0.506862938747063,99.679472547185,105.474906192219
"factor_midas","Expenditures","2025-06",0.282576811651892,0.207197712913757,99.7914308724118,96.6538546963973
"factor_midas","Expenditures","2025-07",0.150577433376503,0.123846667908627,99.6220792921842,91.579254289229
"factor_midas","Expenditures","2025-08",0.128218644378943,0.111337600588705,97.0264995723823,90.5293151923899
"factor_midas","Expenditures","2025-09",0.0973438702589675,0.0790346693406788,100.210526505551,87.1502489707655
"factor_midas","Revenues","2013-01",NA,NA,32.5003384500175,NA
"factor_midas","Revenues","2013-02",NA,NA,99.5858580665648,NA
"factor_midas","Revenues","2013-03",NA,NA,81.8986298874832,NA
"factor_midas","Revenues","2013-04",NA,NA,94.3648867775421,NA
"factor_midas","Revenues","2013-05",0.590654270130032,0.248051472168676,92.4541251626377,100.197473432847
"factor_midas","Revenues","2013-06",0.860276633975579,0.361282219263356,110.282203607761,103.568275550607
"factor_midas","Revenues","2013-07",0.944629231902887,0.396089359439709,84.9480893910856,104.39281995741
"factor_midas","Revenues","2013-08",0.407719320979911,0.170959440195186,104.653313824689,96.8608542795333
"factor_midas","Revenues","2013-09",0.352366645485391,0.147749692879053,98.4755337376138,95.5528954162313
"factor_midas","Revenues","2013-10",0.405639118974445,0.401901538348817,100.274047867771,104.523406188273
"factor_midas","Revenues","2013-11",0.902591947970466,0.88171005670926,101.598370215755,111.566300692969
"factor_midas","Revenues","2013-12",0.232153407927665,0.190474531849639,101.771801540066,97.829829926795
"factor_midas","Revenues","2014-01",0.130335658757713,0.108536868609779,102.679804712966,92.7880248240723
"factor_midas","Revenues","2014-02",0.812718058457639,0.80763107334416,101.150249819964,110.779608341429
"factor_midas","Revenues","2014-03",0.479925205968157,0.395199955797434,109.432841036323,104.372668221851
"factor_midas","Revenues","2014-04",0.0883222052802541,0.0733597130805629,98.7411693023086,89.2765555014486
"factor_midas","Revenues","2014-05",0.0962758396828921,0.080045274447165,97.6396425951188,90.0584033596203
"factor_midas","Revenues","2014-06",1.43967345491061,1.17197820363223,83.4063457150472,114.117420410523
"factor_midas","Revenues","2014-07",0.532447409010634,0.473939377235435,106.098399631841,106.001378643837
"factor_midas","Revenues","2014-08",0.415244779227468,0.333210444340639,101.311407608737,102.843192808265
"factor_midas","Revenues","2014-09",0.518547700211065,0.485651276513133,97.3425029391154,106.220211009934
"factor_midas","Revenues","2014-10",0.120571566283674,0.100508213073281,101.640499882967,92.0991105027337
"factor_midas","Revenues","2014-11",0.53082116964717,0.461923249300269,104.194738817047,105.771168223944
"factor_midas","Revenues","2014-12",0.0784934516580972,0.0766748242362072,100.782524214121,89.6727662141647
"factor_midas","Revenues","2015-01",0.578397283579911,0.570738602140722,96.3671404175443,107.667419606571
"factor_midas","Revenues","2015-02",0.824623046986917,0.815587477468921,102.65488888865,110.867488733364
"factor_midas","Revenues","2015-03",1.57916035421823,1.22454837780425,116.039882625738,114.510767109215
"factor_midas","Revenues","2015-04",1.48496062403647,1.15110888046409,87.7555120832585,113.956354649916
"factor_midas","Revenues","2015-05",0.481213931056855,0.461903168307209,103.554426431255,105.770778512213
"factor_midas","Revenues","2015-06",0.316035775947301,0.235873266738899,103.984160670918,99.7461936820912
"factor_midas","Revenues","2015-07",0.449762342201447,0.420412226045939,105.139517804304,104.927058120782
"factor_midas","Revenues","2015-08",0.321979712749528,0.300370215544294,95.8341596797679,101.913065668973
"factor_midas","Revenues","2015-09",0.326099825989153,0.308765757768107,97.8096863153409,102.160187250561
"factor_midas","Revenues","2015-10",0.223258606119866,0.164358082385581,99.8625724070886,96.5078485036975
"factor_midas","Revenues","2015-11",0.252472749172186,0.232128382387876,103.502350255505,99.6027276896337
"factor_midas","Revenues","2015-12",0.403713134344385,0.390586289961589,104.266763822943,104.267400463688
"factor_midas","Revenues","2016-01",0.368407142934583,0.285201977048664,105.709081384763,101.448549819724
"factor_midas","Revenues","2016-02",0.332473792141186,0.307221864548395,100.33541886532,102.11525120468
"factor_midas","Revenues","2016-03",0.452944526369393,0.395852794667831,100.925727051508,104.387464392408
"factor_midas","Revenues","2016-04",0.386618971885998,0.368156427207635,101.190797551709,103.737240033729
"factor_midas","Revenues","2016-05",0.1369222188761,0.129473406524829,101.369174683692,94.3692064876907
"factor_midas","Revenues","2016-06",0.200684883324491,0.176400475109702,98.5915248535966,97.1417117669436
"factor_midas","Revenues","2016-07",0.394411792277102,0.360659641431373,97.0115029486081,103.55281445711
"factor_midas","Revenues","2016-08",0.148906834106037,0.135013067657437,99.556370640644,94.7447773763843
"factor_midas","Revenues","2016-09",0.147673407315423,0.112477558437193,99.0211948270321,93.1077275416127
"factor_midas","Revenues","2016-10",0.259212593683574,0.227289247806,103.922873707775,99.4138743035994
"factor_midas","Revenues","2016-11",0.0580202321689064,0.0531239012370789,99.8861683028796,86.3833305796206
"factor_midas","Revenues","2016-12",0.226653602714729,0.188855491844753,102.87892871504,97.7533069828778
"factor_midas","Revenues","2017-01",0.183958110420365,0.164810652575793,99.5394742923462,96.5324984688847
"factor_midas","Revenues","2017-02",0.080911511025422,0.0752601710566893,99.6132568225984,89.5058289144377
"factor_midas","Revenues","2017-03",0.194097817391989,0.152492979236577,98.4154681023508,95.8361596440443
"factor_midas","Revenues","2017-04",0.289260750372051,0.214369133507506,101.685956309514,98.8892450760047
"factor_midas","Revenues","2017-05",0.0929242486886827,0.0681851523642289,100.394791926517,88.6208306800109
"factor_midas","Revenues","2017-06",0.217110743947947,0.197317060523219,102.484858338712,98.1462120853939
"factor_midas","Revenues","2017-07",0.173033256592095,0.146557222051859,99.0034629587633,95.4802516513597
"factor_midas","Revenues","2017-08",0.174110085333473,0.142278513134758,102.443886376296,95.2146429736987
"factor_midas","Revenues","2017-09",0.128108775101349,0.126493778695906,100.199497421039,94.160495161761
"factor_midas","Revenues","2017-10",0.15446940538886,0.122626448773127,101.109369640204,93.8821486435984
"factor_midas","Revenues","2017-11",0.226043226580434,0.223418215911975,99.9476258758102,99.2598847183568
"factor_midas","Revenues","2017-12",0.0926666127762338,0.083078273108468,100.387386804229,90.3917946771841
"factor_midas","Revenues","2018-01",0.0951069276539538,0.0700111613943862,101.539836257393,88.8577390521527
"factor_midas","Revenues","2018-02",0.282051739858047,0.280019573386701,102.137371480686,101.284160587769
"factor_midas","Revenues","2018-03",0.118599450045168,0.0981025428969121,99.9264877416836,91.8819388030484
"factor_midas","Revenues","2018-04",0.0923620358292534,0.0740890219703568,100.336635549765,89.3652348855935
"factor_midas","Revenues","2018-05",0.29665864448909,0.268224292072803,105.306897152823,100.898371255008
"factor_midas","Revenues","2018-06",0.0790100546251018,0.0683800961285442,100.93456714316,88.6464234983562
"factor_midas","Revenues","2018-07",0.0697139305893595,0.0546672494387086,101.104233154921,86.6400502595399
"factor_midas","Revenues","2018-08",0.085985346283569,0.0857478031252871,101.675023601792,90.6753123604415
"factor_midas","Revenues","2018-09",0.0599583801906234,0.0454965086996512,100.481056113434,84.9939342568281
"factor_midas","Revenues","2018-10",0.0446198646654756,0.034311990477735,100.748489468914,82.4647268362704
"factor_midas","Revenues","2018-11",0.103631483335705,0.0929698888171999,98.3411025751922,91.4002160849409
"factor_midas","Revenues","2018-12",0.0626922992312159,0.0584029852336446,100.784215315772,87.2326133926529
"factor_midas","Revenues","2019-01",0.127714703061181,0.093085363374989,100.399684350556,91.4113434695596
"factor_midas","Revenues","2019-02",0.276922226416434,0.261163248090678,104.03623358611,100.659221671831
"factor_midas","Revenues","2019-03",0.0357172211673182,0.0344013751829245,100.143409276956,82.4880491109636
"factor_midas","Revenues","2019-04",0.0926571788744986,0.0680505928162304,101.086937746163,88.603122568027
"factor_midas","Revenues","2019-05",0.181108648574021,0.173037732181469,102.384323969465,96.9691735296817
"factor_midas","Revenues","2019-06",0.175760459044851,0.167704780736947,102.916720934554,96.6885491215134
"factor_midas","Revenues","2019-07",0.118550714536076,0.101615626206728,100.729420799464,92.1973407295719
"factor_midas","Revenues","2019-08",0.0920852978897317,0.0686893805393906,101.257029928054,88.6868779839602
"factor_midas","Revenues","2019-09",0.0534672027082254,0.0363489236104991,100.059065601197,82.9816982544907
"factor_midas","Revenues","2019-10",0.0849244264195629,0.061253262075095,100.605393349425,87.659765446429
"factor_midas","Revenues","2019-11",0.0615347379877334,0.0432315655179377,100.075324290658,84.5361727346403
"factor_midas","Revenues","2019-12",0.092067816271225,0.0870833013820659,99.8577267276242,90.8138534933184
"factor_midas","Revenues","2020-01",0.110207431244719,0.0802228655837142,100.689696200936,90.0782699317353
"factor_midas","Revenues","2020-02",0.0257586291753996,0.0233040010190825,100.114859826117,78.9966915243166
"factor_midas","Revenues","2020-03",0.602469060316559,0.541499325129109,95.2249842720265,107.19598910702
"factor_midas","Revenues","2020-04",1.95793075724473,1.74110402861815,113.114546457253,117.665745002503
"factor_midas","Revenues","2020-05",1.3062914304719,1.2425834429106,84.276756570765,114.641830610677
"factor_midas","Revenues","2020-06",3.69627852546924,3.05176749412438,84.9017619167753,122.696550325593
"factor_midas","Revenues","2020-07",6.75597138851575,5.14683186301868,137.095511646926,127.381859898529
"factor_midas","Revenues","2020-08",2.41336385668875,1.72533069489357,136.341710139085,117.584163418479
"factor_midas","Revenues","2020-09",3.74241706584136,2.68442756500904,102.404312314132,121.546842112788
"factor_midas","Revenues","2020-10",1.31839774181807,1.30957784292323,123.83350612857,115.112568155957
"factor_midas","Revenues","2020-11",3.8158201238902,3.48157809371297,57.2112072161878,123.877735194241
"factor_midas","Revenues","2020-12",1.71732743857824,1.63755607260347,91.2359891986241,117.116100703726
"factor_midas","Revenues","2021-01",0.404535626911245,0.329752930363648,100.074197364825,102.749689491646
"factor_midas","Revenues","2021-02",0.735624126445812,0.690656241712849,92.9008786368567,109.377018399772
"factor_midas","Revenues","2021-03",1.07029577997221,1.05879617213783,97.0707292546704,113.206996659133
"factor_midas","Revenues","2021-04",1.34103871980482,1.13625319372532,90.9911466108533,113.839911862299
"factor_midas","Revenues","2021-05",0.997965831774084,0.81285787279887,112.294246684623,110.8374365769
"factor_midas","Revenues","2021-06",0.609869902167198,0.524886757577981,98.7103788199678,106.916666492826
"factor_midas","Revenues","2021-07",0.582805635411846,0.563280345709737,105.336839217342,107.549503825369
"factor_midas","Revenues","2021-08",0.808365920826837,0.680624513532655,107.617020979641,109.245857075441
"factor_midas","Revenues","2021-09",0.741467993458558,0.652165056473143,99.3094710881451,108.862962057022
"factor_midas","Revenues","2021-10",0.307919578563247,0.304789310625345,96.0531745426416,102.043989848799
"factor_midas","Revenues","2021-11",1.00407880934388,0.921838996849063,115.135258467247,111.965279735778
"factor_midas","Revenues","2021-12",0.59205261115551,0.469438565468045,89.9072560705683,105.915841036449
"factor_midas","Revenues","2022-01",1.18999813209728,1.08116993543805,98.7147509157835,113.394451491169
"factor_midas","Revenues","2022-02",0.77161627885057,0.713614946911598,96.4803424916826,109.670164267119
"factor_midas","Revenues","2022-03",1.48235007285721,1.44176402023854,119.438131687354,115.974602653108
"factor_midas","Revenues","2022-04",1.20303502160736,1.18342790874875,67.7242035736498,114.204573060172
"factor_midas","Revenues","2022-05",0.127077347437478,0.10289783155681,101.350943553758,92.3097468746285
"factor_midas","Revenues","2022-06",0.891039585591141,0.750045164366594,99.9265654591599,110.116498197307
"factor_midas","Revenues","2022-07",0.550589337523027,0.477647369208734,99.5537923384139,106.071240684844
"factor_midas","Revenues","2022-08",0.565919486204712,0.505155108950798,100.631507378495,106.573179498609
"factor_midas","Revenues","2022-09",0.698036614387474,0.6799161054844,102.129431291868,109.236521938695
"factor_midas","Revenues","2022-10",1.53704778056273,1.46687008544147,103.841296994298,116.129359194976
"factor_midas","Revenues","2022-11",1.11350632945222,1.07546040613631,97.6356417692836,113.346986404275
"factor_midas","Revenues","2022-12",0.63894937349721,0.62563654696631,92.6818552183595,108.490689947614
"factor_midas","Revenues","2023-01",1.2866920321334,1.23839251063397,119.568631467739,114.611544941677
"factor_midas","Revenues","2023-02",0.320887368784739,0.311073874055705,102.245863180902,102.226949201985
"factor_midas","Revenues","2023-03",0.223290006659385,0.174589700722792,100.4514000029,97.0492159898091
"factor_midas","Revenues","2023-04",0.587653263353934,0.486642197438798,92.0756168223543,106.238483193507
"factor_midas","Revenues","2023-05",0.398014019000221,0.309190104193733,100.258449039275,102.172498774979
"factor_midas","Revenues","2023-06",0.131819197267873,0.121183550826268,98.0255366049666,93.7760431567189
"factor_midas","Revenues","2023-07",0.379058570668022,0.284581776646508,99.7672229850341,101.429034717815
"factor_midas","Revenues","2023-08",0.210728472891271,0.147436993171176,102.950553131328,95.533903029584
"factor_midas","Revenues","2023-09",0.26181776921886,0.259946469798245,98.1314714111346,100.617358537541
"factor_midas","Revenues","2023-10",0.217568729794136,0.180869894307606,97.7779288821818,97.3660097759121
"factor_midas","Revenues","2023-11",0.221062278509388,0.169641088213065,100.607902022534,96.7914578864287
"factor_midas","Revenues","2023-12",0.0423460852233016,0.0405754362936949,101.971082129334,83.9677609908804
"factor_midas","Revenues","2024-01",0.11060041715988,0.0957616768854927,102.31405140976,91.6654434032097
"factor_midas","Revenues","2024-02",0.076837979209378,0.0714780927498896,100.503427759544,89.0436267147875
"factor_midas","Revenues","2024-03",0.235190038651197,0.184555803649751,97.4783477025974,97.5468557993135
"factor_midas","Revenues","2024-04",0.300563526764528,0.242293003351004,106.645138932403,99.9869141611731
"factor_midas","Revenues","2024-05",0.410611174463062,0.377985242318257,104.026304355815,103.973425768635
"factor_midas","Revenues","2024-06",0.0784463985077679,0.0617086012187617,99.5304003036497,87.7261573631025
"factor_midas","Revenues","2024-07",0.295870540376395,0.266181446402867,99.3546003895641,100.829835810902
"factor_midas","Revenues","2024-08",0.266860179468869,0.203104058751145,100.953230532526,98.4053406468917
"factor_midas","Revenues","2024-09",0.142775779790929,0.114994853155753,98.3926100136545,93.3061412767334
"factor_midas","Revenues","2024-10",0.255546973545944,0.199351273653321,101.55271784852,98.2381556630009
"factor_midas","Revenues","2024-11",0.116407204524587,0.113140344481156,101.101768201531,93.160395892061
"factor_midas","Revenues","2024-12",0.249663645992181,0.187988687352926,101.451156787171,97.7120679209139
"factor_midas","Revenues","2025-01",0.149953166235491,0.145571145772652,100.974579690488,95.4197332984813
"factor_midas","Revenues","2025-02",0.701368006446265,0.632683350152322,92.3436921408019,108.591094704464
"factor_midas","Revenues","2025-03",0.150127937724033,0.120168490972036,100.877443991694,93.7006395871586
"factor_midas","Revenues","2025-04",0.0752176446807899,0.064958823926488,100.413527942379,88.1862996960308
"factor_midas","Revenues","2025-05",0.189920173346109,0.15818509371081,98.8000647746411,96.1646784950469
"factor_midas","Revenues","2025-06",0.104109608303705,0.102878417340516,99.4974929874756,92.3080553696149
"factor_midas","Revenues","2025-07",0.0446228025623195,0.0375505856332164,100.994382497419,83.2732581152277
"factor_midas","Revenues","2025-08",0.0754896531404342,0.0582345655693464,100.477428452725,87.2067251018675
"factor_midas","Revenues","2025-09",0.0218372072286887,0.0193946568357156,100.042702585509,77.3505912301345
"factor_midas","Total","2013-01",4.84126109771952,2.68551893476677,66.3370191852906,120.408590045721
"factor_midas","Total","2013-02",1.75795896452137,0.705453062261201,108.939633009927,108.052870519161
"factor_midas","Total","2013-03",0.992785587875305,0.572753246502719,95.0184579152472,106.126800182644
"factor_midas","Total","2013-04",1.0283631279228,0.753534297261761,78.0226641230553,108.662290300325
"factor_midas","Total","2013-05",1.5822218089602,1.16874267155359,92.6048833656457,112.7190560438
"factor_midas","Total","2013-06",0.611188486866855,0.448273052727674,109.862910047921,103.861820972683
"factor_midas","Total","2013-07",0.594546641161206,0.529721968034575,92.6406808706568,105.404909776297
"factor_midas","Total","2013-08",0.187187399548966,0.125930143277713,109.359468188918,92.1264233453799
"factor_midas","Total","2013-09",0.136184258334356,0.104415044901569,99.7849478289886,90.3947454072106
"factor_midas","Total","2013-10",0.246380567110553,0.22956832152108,99.9620490219983,97.676499044845
"factor_midas","Total","2013-11",1.71618612623016,1.65158434502127,115.223959898298,115.915288295793
"factor_midas","Total","2013-12",0.190248909438549,0.160010367334539,100.505982481684,94.3401863838613
"factor_midas","Total","2014-01",0.133397029064526,0.0960796155264151,102.691722787702,89.6257730391275
"factor_midas","Total","2014-02",1.91942419540663,1.45365161821965,92.5884456222952,114.735382366678
"factor_midas","Total","2014-03",0.336476694021089,0.281782470024549,104.362460896823,99.5706766079197
"factor_midas","Total","2014-04",0.633128647062396,0.613275104357724,108.595648309697,106.758627671312
"factor_midas","Total","2014-05",0.32574492377815,0.273159284814874,91.7062310101226,99.2834065012805
"factor_midas","Total","2014-06",1.24846994018957,1.02732890998721,81.0315680285241,111.527041072961
"factor_midas","Total","2014-07",0.252564582410642,0.204123464909263,109.838558369658,96.5906910545087
"factor_midas","Total","2014-08",0.696035608628013,0.554160156688466,106.388263022598,105.821775065824
"factor_midas","Total","2014-09",0.450790766385807,0.381858435468061,95.4001306283043,102.379708566574
"factor_midas","Total","2014-10",0.759639436436744,0.721718803813564,90.2710491624669,108.263564225816
"factor_midas","Total","2014-11",0.745363846038686,0.600420641158308,103.870938692342,106.56283541026
"factor_midas","Total","2014-12",0.728914263435984,0.70205241660786,91.3949405243769,108.008207580117
"factor_midas","Total","2015-01",0.302515093372921,0.276740890241117,106.702723754762,99.4038089138562
"factor_midas","Total","2015-02",0.378954282489703,0.376099019375044,95.9828554668023,102.239240646419
"factor_midas","Total","2015-03",1.47637568293387,1.16868707060538,110.960027008772,112.718616321188
"factor_midas","Total","2015-04",1.26591382692548,0.955372609709538,80.6669324085465,110.855863505088
"factor_midas","Total","2015-05",0.550698457399158,0.494686182478392,89.2194323563257,104.772434695228
"factor_midas","Total","2015-06",0.410878063042117,0.30029776372964,108.129140131063,100.158882618362
"factor_midas","Total","2015-07",0.346296972824165,0.319797473846968,98.7690130705102,100.740380505272
"factor_midas","Total","2015-08",0.734805513122347,0.543238781416603,98.1609614189705,105.637798588155
"factor_midas","Total","2015-09",0.437271098357986,0.408126072654267,99.5952045975137,102.994598994213
"factor_midas","Total","2015-10",0.0888166139369609,0.070014992093915,100.92029927637,86.7007137239092
"factor_midas","Total","2015-11",1.32006351570817,1.21464092417617,91.1196832761591,113.075089711376
"factor_midas","Total","2015-12",2.10661074785937,2.02779122097969,69.0259458837952,117.812029709874
"factor_midas","Total","2016-01",0.404885170203369,0.351459484183756,101.245279788539,101.612964499252
"factor_midas","Total","2016-02",0.349171957280241,0.287214450107623,102.504269133114,99.7471570625112
"factor_midas","Total","2016-03",0.22718842226708,0.169250794120037,104.049867108041,94.8591067861368
"factor_midas","Total","2016-04",0.297960383750025,0.269551856729729,99.592772365958,99.1605295273685
"factor_midas","Total","2016-05",0.225289240690797,0.180058882644489,103.980146359125,95.4312596720177
"factor_midas","Total","2016-06",0.157400725287685,0.134508758891448,99.174381195977,92.7355444686593
"factor_midas","Total","2016-07",0.364390752546039,0.328931912977736,95.6122402071114,101.000685310228
"factor_midas","Total","2016-08",0.319715009820766,0.227564938948449,102.530926481722,97.595485242268
"factor_midas","Total","2016-09",0.151753039163766,0.139715806513796,101.131051024086,93.0865973670204
"factor_midas","Total","2016-10",0.946035685124335,0.906140090167357,113.301507497427,110.366848128711
"factor_midas","Total","2016-11",0.232149604298109,0.217195854316091,92.3386796284298,97.1644350998366
"factor_midas","Total","2016-12",0.399856229545676,0.380965014479565,105.642132391887,102.358058088995
"factor_midas","Total","2017-01",0.228102323561068,0.227351331635389,99.4506632960955,97.5868052398642
"factor_midas","Total","2017-02",0.130704117542418,0.119107191667211,99.0997694662964,91.6115653351867
"factor_midas","Total","2017-03",0.268716932896071,0.239348267512617,93.7506596665172,98.0621008064362
"factor_midas","Total","2017-04",0.184244896136664,0.140898837901521,101.540024775427,93.1645307762532
"factor_midas","Total","2017-05",0.223274387033245,0.213304484060467,102.858661296232,96.9973352525276
"factor_midas","Total","2017-06",0.136825405375851,0.130944175641857,101.537038429886,92.4872983290235
"factor_midas","Total","2017-07",0.196659558629654,0.172681474872049,99.1221617007328,95.0445837412707
"factor_midas","Total","2017-08",0.481546101271688,0.33503962204441,104.786003239379,101.170735177433
"factor_midas","Total","2017-09",0.356902237814158,0.250661975053658,99.7996488759911,98.4889870372205
"factor_midas","Total","2017-10",0.176029355232447,0.14947214086458,99.4700923802029,93.7104851819712
"factor_midas","Total","2017-11",0.286581332943626,0.209128248415729,103.824036755824,96.8145771041709
"factor_midas","Total","2017-12",0.0962112516416155,0.0905510293048972,99.7264032443552,89.0780091720412
"factor_midas","Total","2018-01",0.0310808678921539,0.0300157816555152,100.920074857184,78.8721615447308
"factor_midas","Total","2018-02",0.468107833138849,0.325155918704485,97.3133588428133,100.893967907163
"factor_midas","Total","2018-03",0.125448830812094,0.102320836261158,100.483721660396,90.2074814874198
"factor_midas","Total","2018-04",0.18950599741475,0.188132708589051,102.056955591209,95.8366844693181
"factor_midas","Total","2018-05",0.242009095620229,0.172483725966984,106.314544136658,95.0339930990335
"factor_midas","Total","2018-06",0.123010001873481,0.0989815833436472,100.256082391948,89.9008086402378
"factor_midas","Total","2018-07",0.0799964253310737,0.0556352587113606,100.857278526568,84.5758578056781
"factor_midas","Total","2018-08",0.43105004685708,0.420961454997715,105.691769947501,103.280804704457
"factor_midas","Total","2018-09",0.115147270404269,0.11071757683834,100.587917577438,90.9364571418952
"factor_midas","Total","2018-10",0.0485172191274174,0.0438781571643031,100.226839761049,82.3816041889748
"factor_midas","Total","2018-11",0.242836845944654,0.172128721662116,98.0969203268816,95.0149499845104
"factor_midas","Total","2018-12",0.0501018967071939,0.0459475795228214,98.3562509245293,82.807555901511
"factor_midas","Total","2019-01",0.148279534410787,0.13389097673184,101.717730876838,92.6929954828942
"factor_midas","Total","2019-02",0.16863000590982,0.152203854169879,102.013528650201,93.8778797654625
"factor_midas","Total","2019-03",0.0843945843212071,0.0704494146825447,99.9631181932729,86.7578856285954
"factor_midas","Total","2019-04",0.0980483443904472,0.0916746264793118,101.60692614319,89.1919926191959
"factor_midas","Total","2019-05",0.0944072022805598,0.0914500767367345,101.387777075168,89.1693252555529
"factor_midas","Total","2019-06",0.0888790196343557,0.0797884982533042,101.218764758407,87.9084746146004
"factor_midas","Total","2019-07",0.108527509751339,0.106303019410988,100.2187705235,90.5603762250826
"factor_midas","Total","2019-08",0.492498434750558,0.478984376007738,95.5143563488302,104.474301454752
"factor_midas","Total","2019-09",0.170443747884539,0.154413603961122,101.306961939285,94.0111057407405
"factor_midas","Total","2019-10",0.0305527659049078,0.0247761316378339,100.363596523334,77.0989926959247
"factor_midas","Total","2019-11",0.197109165000568,0.135809914321298,98.335036694285,92.8245243150936
"factor_midas","Total","2019-12",0.0353773119196647,0.0292928445606499,99.5485158522461,78.6468210090336
"factor_midas","Total","2020-01",0.0677934850955438,0.0671051454806342,100.406720155044,86.3083677245848
"factor_midas","Total","2020-02",0.591698984646498,0.450571777822836,99.2279116294728,103.909096722463
"factor_midas","Total","2020-03",0.345004798518458,0.279363543171378,94.1657875734378,99.4909901155273
"factor_midas","Total","2020-04",0.930677250637201,0.853223025764588,106.106787081687,109.810679562064
"factor_midas","Total","2020-05",0.807748798221637,0.704456848382999,94.7933200822126,108.039808916655
"factor_midas","Total","2020-06",3.30072116107773,2.75832894117359,89.4172948812654,120.655845655178
"factor_midas","Total","2020-07",4.72368513528465,3.86427210832109,115.841809424082,123.772051505887
"factor_midas","Total","2020-08",3.23109852704899,3.00298532718727,160.431235135178,121.441318936727
"factor_midas","Total","2020-09",2.10901748304076,1.76133695255826,95.9121203196142,116.509954850631
"factor_midas","Total","2020-10",1.40943410412523,1.31463674720308,124.443820159552,113.806307827594
"factor_midas","Total","2020-11",1.87603130555557,1.60079297466004,82.0541407779315,115.626579854424
"factor_midas","Total","2020-12",1.23197467130361,1.22162760233641,95.9578579961134,113.128102657524
"factor_midas","Total","2021-01",1.57629702775577,1.58044812388946,107.389856744114,115.508357661308
"factor_midas","Total","2021-02",1.89664654607222,1.77371201323763,101.007468619573,116.574667449856
"factor_midas","Total","2021-03",0.909099689657962,0.862930498236533,98.9881324624516,109.915245401864
"factor_midas","Total","2021-04",1.17516507290349,1.01666211036811,92.2751121584219,111.4305706323
"factor_midas","Total","2021-05",0.788213859666674,0.670868907501914,113.215692435955,107.588265687841
"factor_midas","Total","2021-06",0.726093266916745,0.654479168727394,95.344943032033,107.359653496738
"factor_midas","Total","2021-07",0.602916454485577,0.583433317881475,104.671930303115,106.297563174976
"factor_midas","Total","2021-08",0.997160653875127,0.818845122601959,97.2235181313222,109.43055863271
"factor_midas","Total","2021-09",0.648751642302107,0.601929038797478,98.0647036060276,106.586026462078
"factor_midas","Total","2021-10",0.143683848303925,0.133866387320742,101.988047041399,92.6912978574667
"factor_midas","Total","2021-11",0.920116948062837,0.626319098276823,106.79256669101,106.953155727981
"factor_midas","Total","2021-12",0.350388137397222,0.289451724707161,88.5848856187415,99.8188757213505
"factor_midas","Total","2022-01",2.00788023737188,1.9596696503027,140.413236156941,117.496190792978
"factor_midas","Total","2022-02",2.35799292851291,2.30962390863413,72.9178749336931,119.014869705869
"factor_midas","Total","2022-03",1.04778710577638,1.02503663035301,116.347671040383,111.50639448794
"factor_midas","Total","2022-04",1.33468740030651,1.26652580636442,71.8373657227354,113.461708867507
"factor_midas","Total","2022-05",0.3995858939145,0.280015747710102,103.160424066369,99.5125433669979
"factor_midas","Total","2022-06",0.516768317471954,0.400710284369158,105.842967344165,102.825109027613
"factor_midas","Total","2022-07",0.932556005610376,0.878432799071468,88.8994531973952,110.07981644192
"factor_midas","Total","2022-08",0.563676946290586,0.518702965387529,100.63499993455,105.21061724568
"factor_midas","Total","2022-09",0.95750367922038,0.943126985527639,104.349690094237,110.736626349473
"factor_midas","Total","2022-10",1.18515981820163,1.16727795355669,99.8292337253621,112.707465266321
"factor_midas","Total","2022-11",0.898682825204229,0.842431433824519,93.1856145054651,109.693030305045
"factor_midas","Total","2022-12",0.368113299563479,0.352582636522004,95.9566137346559,101.642454552594
"factor_midas","Total","2023-01",0.860665107159534,0.792902504597692,112.978253742856,109.132988432115
"factor_midas","Total","2023-02",0.382464932507198,0.357369491613062,97.1182559430106,101.767096137615
"factor_midas","Total","2023-03",0.373396197820047,0.282366141375743,99.8505471875575,99.589801992418
"factor_midas","Total","2023-04",0.466733765726113,0.388614368548227,93.7699137929182,102.541805322352
"factor_midas","Total","2023-05",0.320220708833866,0.279533093507936,103.119406335255,99.4965980423757
"factor_midas","Total","2023-06",0.246930334756467,0.21407777503214,100.220281451773,97.0307826314154
"factor_midas","Total","2023-07",0.403480899620277,0.290630961728221,99.9059798715831,99.8564548725448
"factor_midas","Total","2023-08",0.422061400293821,0.316999599255327,102.163111553789,100.659160100992
"factor_midas","Total","2023-09",0.190916455171432,0.187369761511261,98.5339664439331,95.7991251788073
"factor_midas","Total","2023-10",0.122662446184148,0.0904030337132423,99.2224514287407,89.0628904283763
"factor_midas","Total","2023-11",0.22777387214633,0.225107520671619,97.2764990859031,97.4951312986053
"factor_midas","Total","2023-12",0.0533055805372418,0.0439237917086138,102.501503718567,82.3912120069847
"factor_midas","Total","2024-01",0.260289966274951,0.208068155226207,104.502674536643,96.7676050460431
"factor_midas","Total","2024-02",0.198419100314078,0.137715302157216,101.29408760222,92.9532983220276
"factor_midas","Total","2024-03",0.0931673682831189,0.0789564691771706,98.7862412808121,87.8115848990723
"factor_midas","Total","2024-04",0.32716393215099,0.252032612638105,105.820132083872,98.5393898379898
"factor_midas","Total","2024-05",0.161600291252045,0.134946927692646,97.2099526970813,92.7656045151106
"factor_midas","Total","2024-06",0.142410966501251,0.123593123609655,99.608331590309,91.9532826388121
"factor_midas","Total","2024-07",0.297510292968009,0.278160174263206,98.8932987253421,99.451090263968
"factor_midas","Total","2024-08",0.0172469828525567,0.0140299701086085,99.946654463885,71.8427315012797
"factor_midas","Total","2024-09",0.12663090622802,0.10792021807715,97.9967579337203,90.6999295579305
"factor_midas","Total","2024-10",0.108952880320925,0.0971257754623774,102.943627801864,89.7258693922587
"factor_midas","Total","2024-11",0.211271543339153,0.166034004595414,99.5947819647719,94.6817461349389
"factor_midas","Total","2024-12",0.171661690187021,0.154537183579011,101.240226519153,94.0184999669235
"factor_midas","Total","2025-01",0.193745654843103,0.141004926175554,101.55722308955,93.1714874509578
"factor_midas","Total","2025-02",0.307900971401512,0.240147913821214,91.2256557370148,98.092929019585
"factor_midas","Total","2025-03",0.073601318737685,0.0661938118175925,98.5668653644037,86.1819835799293
"factor_midas","Total","2025-04",0.171138104386816,0.167244502885197,97.6964915746129,94.7488880847078
"factor_midas","Total","2025-05",0.399251402825818,0.327522444189387,100.040132024376,100.960994792693
"factor_midas","Total","2025-06",0.225289426207376,0.159401886908388,100.197876998225,94.3049711375569
"factor_midas","Total","2025-07",0.0870649603506209,0.0645061097836257,100.608130472871,85.9432685558721
"factor_midas","Total","2025-08",0.128560639173089,0.11891576698268,102.058793729927,91.5966986429485
"factor_midas","Total","2025-09",0.0696182836938594,0.0534507250048214,99.7910406645336,84.2056180678291
"sg_lasso","Expenditures","2013-01",1.16326034115062,0.838946419194375,111.968207568961,108.621544440339
"sg_lasso","Expenditures","2013-02",1.76772425838596,1.56542830793886,114.038960627395,114.273210302342
"sg_lasso","Expenditures","2013-03",0.991463416023484,0.898871992276227,108.29788308196,109.246664562837
"sg_lasso","Expenditures","2013-04",0.755475333537636,0.51907813714383,96.5666314716234,104.271654186874
"sg_lasso","Expenditures","2013-05",0.503005921909457,0.343335649685795,99.6585290321776,100.526522670241
"sg_lasso","Expenditures","2013-06",1.00509539565515,0.6882651738928,99.1802264431874,106.827807912337
"sg_lasso","Expenditures","2013-07",0.0704042718995941,0.0591324725147868,101.947434448466,84.5897053609137
"sg_lasso","Expenditures","2013-08",1.4779588374642,1.41276215315421,77.3793142787816,113.343485139942
"sg_lasso","Expenditures","2013-09",0.321865699420336,0.307195873245883,106.216723942083,99.5187839459456
"sg_lasso","Expenditures","2013-10",0.618566047483808,0.5536643384095,113.105955405169,104.856096141423
"sg_lasso","Expenditures","2013-11",1.43235054759273,1.38550262363499,79.8000992480956,113.166951799902
"sg_lasso","Expenditures","2013-12",0.0872324523031797,0.0756594875953406,102.611319454339,86.822786584237
"sg_lasso","Expenditures","2014-01",0.220295075987175,0.173741676774463,96.4421056656466,94.3550448091093
"sg_lasso","Expenditures","2014-02",0.302578967817069,0.250319766288677,106.073109453389,97.663673663493
"sg_lasso","Expenditures","2014-03",0.584807550731763,0.557922108849909,110.556597879544,104.925506545544
"sg_lasso","Expenditures","2014-04",0.170849109096398,0.125325565791118,101.458215271703,91.3953810949133
"sg_lasso","Expenditures","2014-05",0.130233735232664,0.107934081028342,100.116487548725,90.0417909476248
"sg_lasso","Expenditures","2014-06",0.104847531711977,0.0974052539620289,100.546620923828,89.1118136774333
"sg_lasso","Expenditures","2014-07",0.163311709125136,0.142671577196223,103.314674063396,92.5699012572918
"sg_lasso","Expenditures","2014-08",0.18352380674929,0.160709927195142,103.634191217228,93.6486088070351
"sg_lasso","Expenditures","2014-09",0.157642482623452,0.122040112977425,101.143553389301,91.1546873630702
"sg_lasso","Expenditures","2014-10",0.733821510187266,0.598274991886878,98.8239216492276,105.558213450856
"sg_lasso","Expenditures","2014-11",0.415507223773095,0.337504682079684,99.1604509179297,100.371323490279
"sg_lasso","Expenditures","2014-12",0.110170011397937,0.0910421817118898,101.172889901749,88.4997096967257
"sg_lasso","Expenditures","2015-01",0.289644614414171,0.240635471677943,98.4926890566496,97.3061820311561
"sg_lasso","Expenditures","2015-02",0.0539828127345152,0.0514529318797181,101.233754353048,83.3292702927267
"sg_lasso","Expenditures","2015-03",0.193678758378705,0.174995499644174,99.098623054276,94.4201961353888
"sg_lasso","Expenditures","2015-04",0.421683951396101,0.338947097572266,104.752533487252,100.409963536965
"sg_lasso","Expenditures","2015-05",0.326490085924336,0.266216981795452,100.277120742852,98.221553242001
"sg_lasso","Expenditures","2015-06",0.281430733237037,0.236092499855442,100.925504850062,97.1334925021518
"sg_lasso","Expenditures","2015-07",1.70617307294562,1.17792491790169,102.011654998621,111.696350068006
"sg_lasso","Expenditures","2015-08",1.44437750955031,0.986916650009894,106.10676433599,110.093325070408
"sg_lasso","Expenditures","2015-09",0.272259622512898,0.196390489624819,94.8156400891458,95.4652800186782
"sg_lasso","Expenditures","2015-10",0.224923911852359,0.162371862460522,101.082172334974,93.7418244723647
"sg_lasso","Expenditures","2015-11",0.762149176038155,0.540603466235827,108.101404669988,104.639798077745
"sg_lasso","Expenditures","2015-12",0.475828646280749,0.327545699462477,105.205872183304,100.099944424703
"sg_lasso","Expenditures","2016-01",0.196418760624886,0.14210908145364,101.513900268945,92.5341086971049
"sg_lasso","Expenditures","2016-02",0.707455438315596,0.525377833062194,99.6948538252791,104.380953684632
"sg_lasso","Expenditures","2016-03",0.493486636364562,0.350553200928261,106.254786438636,100.715017342481
"sg_lasso","Expenditures","2016-04",0.10900665175454,0.0893768605678168,100.876593963362,88.3324422580102
"sg_lasso","Expenditures","2016-05",0.199498725772901,0.173727170556243,100.96557781401,94.354288286725
"sg_lasso","Expenditures","2016-06",0.117071186343065,0.107620362569038,100.321207798206,90.0154175034235
"sg_lasso","Expenditures","2016-07",0.108242704975384,0.0840980362541971,103.280212686014,87.7808500493547
"sg_lasso","Expenditures","2016-08",0.119182559694405,0.0998249098834392,102.005247448423,89.3341372521815
"sg_lasso","Expenditures","2016-09",0.0492753514453123,0.0400780117725544,102.624369217347,81.0655919079251
"sg_lasso","Expenditures","2016-10",0.112295599443921,0.0942187298397409,102.079241837856,88.810450052442
"sg_lasso","Expenditures","2016-11",0.15007617579663,0.123037340727619,101.370420512313,91.2284228991832
"sg_lasso","Expenditures","2016-12",0.0441018938478396,0.0365576373328208,102.27042715491,80.2325876420022
"sg_lasso","Expenditures","2017-01",0.52620517596082,0.425574511162389,98.5758079457206,102.472103272613
"sg_lasso","Expenditures","2017-02",0.0517878992652166,0.0424516258743452,102.561741635766,81.5869107408675
"sg_lasso","Expenditures","2017-03",0.374390964228006,0.306882747498305,99.3801602611929,99.5095438115139
"sg_lasso","Expenditures","2017-04",0.117310099339563,0.0950455925606351,104.128216208449,88.8896182706463
"sg_lasso","Expenditures","2017-05",0.20291358993905,0.181983895028513,101.612351818366,94.7749876770725
"sg_lasso","Expenditures","2017-06",0.0961932375926009,0.0853650764559734,100.678491864105,87.9163398981005
"sg_lasso","Expenditures","2017-07",0.0724437585045392,0.058891679678692,101.390769643559,84.5527347416916
"sg_lasso","Expenditures","2017-08",0.0298608204312718,0.0289760788088765,101.827840951729,78.126744518459
"sg_lasso","Expenditures","2017-09",0.0736526019337803,0.0609695684213526,102.113832965938,84.8669088968514
"sg_lasso","Expenditures","2017-10",0.0768020923486123,0.0641442285636028,102.360429250038,85.3268145176352
"sg_lasso","Expenditures","2017-11",0.0776469180882709,0.0642212424273555,102.092756304404,85.3376863862496
"sg_lasso","Expenditures","2017-12",0.0729358262414098,0.0603475111585179,102.110007005535,84.7739917911036
"sg_lasso","Expenditures","2018-01",0.0710446495156092,0.0587940851620971,102.003329463675,84.5377073006682
"sg_lasso","Expenditures","2018-02",0.0689151581908709,0.0570636322553034,102.021678541791,84.2670307931242
"sg_lasso","Expenditures","2018-03",0.0540665575484838,0.0502377491023896,101.220621865444,83.1127171090388
"sg_lasso","Expenditures","2018-04",0.112753290649256,0.0953773291105653,102.56003062333,88.9211870644382
"sg_lasso","Expenditures","2018-05",0.100203742658313,0.0929336054741564,100.624642884519,88.6860157313229
"sg_lasso","Expenditures","2018-06",0.147336072474981,0.12609968961218,102.951967093674,91.4511749478765
"sg_lasso","Expenditures","2018-07",0.0677406582020078,0.0559783488025055,101.960133506017,84.0930504371447
"sg_lasso","Expenditures","2018-08",0.0940555822524977,0.0779796155210852,102.059578662708,87.0964562323987
"sg_lasso","Expenditures","2018-09",0.107475644712477,0.0880427754122126,101.644421148809,88.1961806521462
"sg_lasso","Expenditures","2018-10",0.122187332343483,0.119330174379365,100.403297754455,90.9512281587384
"sg_lasso","Expenditures","2018-11",0.128633697612786,0.113215457398948,104.814645697054,90.4746306738791
"sg_lasso","Expenditures","2018-12",0.143320204744178,0.12685216781952,104.942110297314,91.5050814043607
"sg_lasso","Expenditures","2019-01",0.375989629479009,0.32817910461254,102.27200887392,100.117448676937
"sg_lasso","Expenditures","2019-02",0.0992506883021825,0.0959651854471222,100.479387314066,88.976860053986
"sg_lasso","Expenditures","2019-03",0.284741881554322,0.249792134808677,102.422885121679,97.6445554582314
"sg_lasso","Expenditures","2019-04",0.312817580656428,0.231688368730873,98.2485766955259,96.9628787370795
"sg_lasso","Expenditures","2019-05",0.176017954655735,0.132591617662582,102.325170828127,91.9060231744873
"sg_lasso","Expenditures","2019-06",0.261240595777669,0.187677053667206,101.804246361692,95.0540926032801
"sg_lasso","Expenditures","2019-07",0.396933310047048,0.271453734829191,103.739039381341,98.3980525031834
"sg_lasso","Expenditures","2019-08",0.234922805914615,0.159647506646006,103.993163187566,93.588512650469
"sg_lasso","Expenditures","2019-09",0.349877300785078,0.274502800502531,102.117784717897,98.4992562693435
"sg_lasso","Expenditures","2019-10",0.235561084228518,0.204535379729175,103.590643033488,95.8334635468663
"sg_lasso","Expenditures","2019-11",0.566605240082842,0.466334003717356,97.6857329212091,103.300797876823
"sg_lasso","Expenditures","2019-12",0.277193225494787,0.249688077430907,102.601755345279,97.6407802749086
"sg_lasso","Expenditures","2020-01",0.275294285212425,0.252217567798717,104.955791141222,97.7321070402868
"sg_lasso","Expenditures","2020-02",0.286544946714361,0.284406632372027,99.1715947501993,98.8203935539934
"sg_lasso","Expenditures","2020-03",0.459578957859528,0.395170069559947,94.4969960305442,101.800502417275
"sg_lasso","Expenditures","2020-04",0.497429867037245,0.4387397748227,97.7327491582496,102.748145110502
"sg_lasso","Expenditures","2020-05",0.803735186211518,0.804693119115459,88.1054259254199,108.243848625566
"sg_lasso","Expenditures","2020-06",0.871187714935035,0.838294040254366,86.5023538102393,108.614496080401
"sg_lasso","Expenditures","2020-07",3.17180738761472,2.61874750646125,85.8032234709694,118.935183791719
"sg_lasso","Expenditures","2020-08",3.67965674745636,2.93004475692999,87.8493123094931,119.952876178571
"sg_lasso","Expenditures","2020-09",1.13958204164499,1.01716425786449,89.176323778102,110.366847038914
"sg_lasso","Expenditures","2020-10",1.48704973556767,1.27464926897588,67.1547927105978,112.411377053644
"sg_lasso","Expenditures","2020-11",1.48620572874188,1.38159674820285,64.5635567019894,113.141373164549
"sg_lasso","Expenditures","2020-12",0.717290673860209,0.670878638532877,113.815116176254,106.595985843802
"sg_lasso","Expenditures","2021-01",2.82808262697745,2.60492931977701,91.1277200601151,118.887248075822
"sg_lasso","Expenditures","2021-02",3.42380000617043,2.7651480028272,53.5403046606456,119.428058408865
"sg_lasso","Expenditures","2021-03",0.766996541082207,0.53204856528872,115.876112817944,104.495271145673
"sg_lasso","Expenditures","2021-04",2.46117436256732,2.42833076968757,94.7092859959567,118.251185976612
"sg_lasso","Expenditures","2021-05",1.14707116247788,0.929491308956378,104.913147431846,109.550163415545
"sg_lasso","Expenditures","2021-06",0.745241745469754,0.618823395187246,95.4685119156798,105.864182229152
"sg_lasso","Expenditures","2021-07",1.43677720363651,1.37428450350051,89.7660260494825,113.093292032438
"sg_lasso","Expenditures","2021-08",0.344496063970248,0.293143780839402,93.7848195849335,99.0945486983873
"sg_lasso","Expenditures","2021-09",0.910975595001432,0.67118933972368,101.992841330019,106.600181035986
"sg_lasso","Expenditures","2021-10",0.622373254918681,0.524627594001525,113.361454795865,104.368006013755
"sg_lasso","Expenditures","2021-11",0.798455980452619,0.660059640355515,119.536856786449,106.448679263567
"sg_lasso","Expenditures","2021-12",0.335600296917538,0.263264625562437,95.3973718674003,98.1205103354405
"sg_lasso","Expenditures","2022-01",1.65357528489493,1.59807797331289,79.9354415025427,114.460239281623
"sg_lasso","Expenditures","2022-02",2.43632022321318,2.40789919763976,64.4195390142233,118.174629687653
"sg_lasso","Expenditures","2022-03",1.62782102732532,1.55221705465192,82.294296066394,114.196420534222
"sg_lasso","Expenditures","2022-04",1.20676858374265,0.966423408689255,92.2041416656337,109.903203154538
"sg_lasso","Expenditures","2022-05",0.833142845831848,0.673801888735407,96.2695249782195,106.635379927782
"sg_lasso","Expenditures","2022-06",0.483878847678938,0.394179081765236,99.1530710762181,101.777752342052
"sg_lasso","Expenditures","2022-07",0.810063123249332,0.634379533001491,110.752541456434,106.089132302014
"sg_lasso","Expenditures","2022-08",0.311586779198359,0.238175195943898,106.921874446168,97.2130696919746
"sg_lasso","Expenditures","2022-09",1.03835020003964,0.946277228862126,107.844953275511,109.712329840401
"sg_lasso","Expenditures","2022-10",1.6937380012041,1.3713002026523,107.558661352831,113.07359542742
"sg_lasso","Expenditures","2022-11",1.19304665080435,0.867696353524069,87.0770003578441,108.926838790825
"sg_lasso","Expenditures","2022-12",0.450021149289718,0.412257532038609,104.55594010908,102.184052675788
"sg_lasso","Expenditures","2023-01",1.40855284810465,1.13285037502723,73.0707325211505,111.342831559431
"sg_lasso","Expenditures","2023-02",0.149307946416785,0.13918834849756,104.008169491387,92.3459496331458
"sg_lasso","Expenditures","2023-03",0.823681099835539,0.641443064975589,87.9297255207612,106.189459691504
"sg_lasso","Expenditures","2023-04",0.960515846096276,0.879062148935778,108.161589700267,109.044750394806
"sg_lasso","Expenditures","2023-05",0.799688603736071,0.718476175819499,95.7707320736144,107.217033251424
"sg_lasso","Expenditures","2023-06",0.635376322082328,0.524370501185163,115.191006213158,104.36356483043
"sg_lasso","Expenditures","2023-07",1.02534084366199,0.965647741796602,114.766756840107,109.895928110739
"sg_lasso","Expenditures","2023-08",1.78999004001368,1.28240224913289,106.043410455995,112.466320256781
"sg_lasso","Expenditures","2023-09",1.04936943330772,1.02561300848141,87.8978775886921,110.441794582096
"sg_lasso","Expenditures","2023-10",1.01429538921141,0.702433130974447,100.582768492605,107.012425376962
"sg_lasso","Expenditures","2023-11",0.819383190065723,0.709242783543848,99.6906747942189,107.099838526384
"sg_lasso","Expenditures","2023-12",1.17532435085739,0.924786732137908,108.762604901774,109.504187531328
"sg_lasso","Expenditures","2024-01",0.334055390307314,0.250625740415831,97.9565024762454,97.6747418819568
"sg_lasso","Expenditures","2024-02",0.803299867738161,0.612608355607465,101.083550259672,105.772724442116
"sg_lasso","Expenditures","2024-03",3.12218501200091,2.56930506129998,121.973189333829,118.762483858146
"sg_lasso","Expenditures","2024-04",0.295158287557673,0.205190824265342,104.854966287397,95.8624520658176
"sg_lasso","Expenditures","2024-05",1.51495627461313,1.17058184592065,120.852512321306,111.639690816245
"sg_lasso","Expenditures","2024-06",1.36365690776182,1.1140386655584,121.859617623818,111.19111246768
"sg_lasso","Expenditures","2024-07",0.150709233477049,0.125274485480783,102.343448975151,91.3916874441761
"sg_lasso","Expenditures","2024-08",0.527983008033589,0.401228986742308,95.3470528895757,101.938368078566
"sg_lasso","Expenditures","2024-09",0.24092909764239,0.185052159881631,102.123028974688,94.9264754857546
"sg_lasso","Expenditures","2024-10",0.371366564406988,0.267377974070516,102.827575094515,98.2609809697871
"sg_lasso","Expenditures","2024-11",0.212395891563908,0.172988025826844,98.836629173155,94.3156568629154
"sg_lasso","Expenditures","2024-12",0.363748448951101,0.278275863308791,97.1560831586226,98.6229458043721
"sg_lasso","Expenditures","2025-01",0.792158304054242,0.568544614315274,100.201460029039,105.096391929867
"sg_lasso","Expenditures","2025-02",1.51540759639485,1.25502891278688,92.0426413077293,112.270826108417
"sg_lasso","Expenditures","2025-03",2.38620829510265,1.94145773018768,86.6765075796793,116.223757202602
"sg_lasso","Expenditures","2025-04",1.07091684788732,0.750822663175337,107.479086429584,107.616031156773
"sg_lasso","Expenditures","2025-05",1.55411999575705,1.28793883319317,117.364148370023,112.505353556074
"sg_lasso","Expenditures","2025-06",0.705880158473634,0.504613231638985,98.9332687022146,104.015584060825
"sg_lasso","Expenditures","2025-07",0.859966434219943,0.608818576850692,97.3549829417873,105.716499216304
"sg_lasso","Expenditures","2025-08",0.304757581013073,0.215661405517227,98.1037868294066,96.3133873721599
"sg_lasso","Expenditures","2025-09",0.325250234794437,0.232531148742841,99.0713049073628,96.9957771356509
"sg_lasso","Revenues","2013-01",1.4337402823041,1.00002324938064,113.797593062359,110.715214955231
"sg_lasso","Revenues","2013-02",0.955687492407057,0.79680605044003,95.5019168069279,108.136688798405
"sg_lasso","Revenues","2013-03",0.610097576663053,0.415285483386329,101.43417365567,100.740005933164
"sg_lasso","Revenues","2013-04",0.94424125117205,0.658493776620592,92.1827546997284,105.972591107941
"sg_lasso","Revenues","2013-05",1.18865664325943,0.846361975381145,101.770363397315,108.821547836503
"sg_lasso","Revenues","2013-06",0.330391046804439,0.221289774568522,104.202674204771,93.5947650514624
"sg_lasso","Revenues","2013-07",0.447826254720522,0.314416587359721,98.8385320344266,97.5816800334441
"sg_lasso","Revenues","2013-08",1.04643316898512,0.706242927835343,96.4197676491215,106.767193648049
"sg_lasso","Revenues","2013-09",1.07499397914676,0.805250884444951,106.927465889649,108.256355425736
"sg_lasso","Revenues","2013-10",0.198764045472494,0.175972308508244,98.9047285116118,90.9937738004875
"sg_lasso","Revenues","2013-11",0.206590327697023,0.172155094219421,100.058122119049,90.7448413040208
"sg_lasso","Revenues","2013-12",0.352088695484602,0.260155815873568,101.593119337993,95.4314093546286
"sg_lasso","Revenues","2014-01",0.252986510368932,0.168168958473141,103.434969969703,90.4789310047086
"sg_lasso","Revenues","2014-02",0.073701748724456,0.0659189214194584,102.59586857806,79.8484262000174
"sg_lasso","Revenues","2014-03",0.206446035893379,0.160865550683095,100.517779092246,89.9749533313198
"sg_lasso","Revenues","2014-04",0.435847985480497,0.34277553558578,100.218125520706,98.5618996907899
"sg_lasso","Revenues","2014-05",0.213719216677177,0.176552868386139,98.9562144836638,91.0311601558517
"sg_lasso","Revenues","2014-06",0.257378293022888,0.192012831891858,100.542529444445,91.9839657814208
"sg_lasso","Revenues","2014-07",0.155868237743998,0.1467672046729,106.09812177695,88.9338453716726
"sg_lasso","Revenues","2014-08",0.496059426025684,0.433660072952201,106.064548001284,101.231435741773
"sg_lasso","Revenues","2014-09",0.348282477315438,0.249339733877966,105.043636722247,94.9494053044801
"sg_lasso","Revenues","2014-10",0.358184770495555,0.318429930974519,102.944591148739,97.7256492460383
"sg_lasso","Revenues","2014-11",0.368404133030901,0.294084034899351,97.0617477418283,96.822843132603
"sg_lasso","Revenues","2014-12",0.995169434145963,0.960756403031526,113.274335880442,110.260529400898
"sg_lasso","Revenues","2015-01",0.272943917580835,0.267865020399936,97.4789640242917,95.7628801164091
"sg_lasso","Revenues","2015-02",0.437783373832081,0.4225572761245,107.432741081985,100.937042001921
"sg_lasso","Revenues","2015-03",0.186379747718209,0.162813568257653,98.5626186409745,90.1115811983821
"sg_lasso","Revenues","2015-04",1.46968174763039,1.42901303785213,80.4746439260488,114.766999616007
"sg_lasso","Revenues","2015-05",0.94222002022972,0.931498799077925,88.4631710108968,109.909495129658
"sg_lasso","Revenues","2015-06",0.298881110215058,0.285699701662891,109.097787649975,96.494529711654
"sg_lasso","Revenues","2015-07",1.15796116307647,1.13395803083438,83.2499711785025,112.141905738557
"sg_lasso","Revenues","2015-08",0.792900223597826,0.78970800619628,89.3434839925492,108.035121586012
"sg_lasso","Revenues","2015-09",0.613704458215494,0.583228005273697,110.315841386447,104.594868457539
"sg_lasso","Revenues","2015-10",1.23856441480485,1.17203213103809,122.007125697817,112.516764378554
"sg_lasso","Revenues","2015-11",1.01421533005746,0.976820188991139,111.121017744916,110.448744663484
"sg_lasso","Revenues","2015-12",0.977139917300739,0.845051791726956,80.2470593908731,108.803963003022
"sg_lasso","Revenues","2016-01",0.760358508668652,0.755264021069422,89.6915765409326,107.528923383839
"sg_lasso","Revenues","2016-02",0.400350779626302,0.283409683719279,111.955370908526,96.4031812287578
"sg_lasso","Revenues","2016-03",0.737541017641125,0.614162446115633,114.88018312021,105.181491323406
"sg_lasso","Revenues","2016-04",0.385915065055187,0.368163535142478,104.95045185242,99.3729292247726
"sg_lasso","Revenues","2016-05",0.711694451495192,0.665952200401117,87.653659617679,106.100433019502
"sg_lasso","Revenues","2016-06",0.498108022308155,0.468344457978131,107.958556496094,102.104799816527
"sg_lasso","Revenues","2016-07",0.203806599558313,0.166235004991475,101.854489676544,90.3476398987102
"sg_lasso","Revenues","2016-08",0.374239600851034,0.340359001986178,106.752062731214,98.4815943805409
"sg_lasso","Revenues","2016-09",0.371050859790397,0.353033049990732,95.9767014339709,98.8965873302593
"sg_lasso","Revenues","2016-10",0.190839179375066,0.1585087275462,100.389265822186,89.8074240219371
"sg_lasso","Revenues","2016-11",0.329071380014461,0.289576955855846,105.644510755694,96.6475362379592
"sg_lasso","Revenues","2016-12",0.141717599958313,0.110918156976013,101.871795036564,85.7550005751881
"sg_lasso","Revenues","2017-01",0.32638880149013,0.297743814156384,104.085871900033,96.9632281910984
"sg_lasso","Revenues","2017-02",0.16683506611283,0.139702332703134,102.443380621712,88.3738689035899
"sg_lasso","Revenues","2017-03",0.296880681710729,0.226028100816196,99.8052494459375,93.8352460730946
"sg_lasso","Revenues","2017-04",0.18764935658122,0.16347731261374,101.160840783459,90.1577610317446
"sg_lasso","Revenues","2017-05",0.289587830594493,0.275021347779169,98.0118242899646,96.0621494921642
"sg_lasso","Revenues","2017-06",0.285660282477138,0.235859439411479,97.6361813935371,94.3185250060071
"sg_lasso","Revenues","2017-07",0.0974170391854449,0.0970004016050968,97.5617849581542,84.2331159827532
"sg_lasso","Revenues","2017-08",0.340246451193302,0.300163534141223,103.102834859295,97.0551015192106
"sg_lasso","Revenues","2017-09",0.433999088174254,0.359935415155548,101.739033071452,99.1163718177878
"sg_lasso","Revenues","2017-10",0.0611087185994406,0.0514398216226068,100.644773034148,77.0332851986345
"sg_lasso","Revenues","2017-11",0.448804687725169,0.34538306754878,101.288194619401,98.6479196105422
"sg_lasso","Revenues","2017-12",0.104165506347088,0.0955554139476368,101.315974988629,84.0627544621387
"sg_lasso","Revenues","2018-01",0.173898197480277,0.14268330396939,99.9892763063773,88.6135242806194
"sg_lasso","Revenues","2018-02",0.980898565971136,0.764839928982861,94.202566598537,107.671933999387
"sg_lasso","Revenues","2018-03",0.661413826144798,0.512084275047323,104.676507547176,103.118256441236
"sg_lasso","Revenues","2018-04",0.328357424891844,0.312902573396775,106.617233265084,97.5268904462323
"sg_lasso","Revenues","2018-05",0.449535648146955,0.352190742761969,108.870191523572,98.8694729529061
"sg_lasso","Revenues","2018-06",0.733688714995268,0.588828465695203,95.3764918440452,104.703344631362
"sg_lasso","Revenues","2018-07",0.676073762684456,0.670703800073023,92.1764640407415,106.181133826614
"sg_lasso","Revenues","2018-08",0.568592530234643,0.565829821831451,93.8567764873682,104.251111838296
"sg_lasso","Revenues","2018-09",0.457713127631838,0.446277269818602,105.940126395458,101.556970041523
"sg_lasso","Revenues","2018-10",0.439019171665528,0.385118415734085,109.421091492341,99.8839827483582
"sg_lasso","Revenues","2018-11",0.37891587918927,0.377441428036674,101.969770051975,99.6554294762018
"sg_lasso","Revenues","2018-12",0.4578471478034,0.375166776140726,107.893408662359,99.5868169870734
"sg_lasso","Revenues","2019-01",0.415403224893228,0.409440213415556,92.8229941053664,100.579105142754
"sg_lasso","Revenues","2019-02",0.597379898192072,0.567606255755587,100.181910369495,104.286692026345
"sg_lasso","Revenues","2019-03",0.17410785466542,0.172731761589627,101.06318693162,90.7827994505088
"sg_lasso","Revenues","2019-04",0.262026228794561,0.216200852717733,105.394693434622,93.3306868980681
"sg_lasso","Revenues","2019-05",0.887930676661103,0.883859296899359,104.973864281997,109.313612822837
"sg_lasso","Revenues","2019-06",0.462911218916066,0.46163900714678,94.1541794644788,101.941112081574
"sg_lasso","Revenues","2019-07",0.209419482758719,0.17038123032758,98.4724675276402,90.6272775623039
"sg_lasso","Revenues","2019-08",0.147317740383693,0.117324102910809,94.6286147598092,86.3923199794853
"sg_lasso","Revenues","2019-09",0.231711493243268,0.198265500323373,105.169241047976,92.3476998479208
"sg_lasso","Revenues","2019-10",0.586633540571558,0.526297093908747,98.4441737780162,103.429002990647
"sg_lasso","Revenues","2019-11",0.901662627173862,0.803173097704536,94.5467358451236,108.227029175932
"sg_lasso","Revenues","2019-12",0.11648019434516,0.0835034851760156,97.1612691388544,82.532464905985
"sg_lasso","Revenues","2020-01",0.516258079435601,0.50626997739878,105.694276884917,102.988640339387
"sg_lasso","Revenues","2020-02",0.293510430856446,0.21383724686117,99.886723443924,93.2059116752041
"sg_lasso","Revenues","2020-03",0.801357510510222,0.769697986566428,103.470689087625,107.74380312204
"sg_lasso","Revenues","2020-04",2.18051399895886,1.97438332224694,78.7057633399248,118.436391247853
"sg_lasso","Revenues","2020-05",2.68758741573671,2.53427217388688,83.1207348208127,121.270118771882
"sg_lasso","Revenues","2020-06",1.09016362086885,0.915341949609793,74.5733645979631,109.710888305059
"sg_lasso","Revenues","2020-07",1.31201723612194,1.13091147970883,80.6921490781671,112.111369087621
"sg_lasso","Revenues","2020-08",1.63596093930835,1.38113537475179,78.6983360849296,114.380186161513
"sg_lasso","Revenues","2020-09",2.82894695306461,2.07170477401196,130.271456732296,118.982542429429
"sg_lasso","Revenues","2020-10",3.82845321156884,3.13160370724358,136.944099496062,123.672384579302
"sg_lasso","Revenues","2020-11",4.07016991103321,3.46119242847368,108.942632171628,124.808233957702
"sg_lasso","Revenues","2020-12",1.79347195661878,1.47302334144711,85.5222523837233,115.111302505114
"sg_lasso","Revenues","2021-01",2.42731405237349,2.34448102458429,49.2679940249547,120.386546282625
"sg_lasso","Revenues","2021-02",3.16638144563238,3.04155232160223,73.307771019961,123.341200225089
"sg_lasso","Revenues","2021-03",0.481767698093535,0.482234327714161,94.2912177469956,102.436539040398
"sg_lasso","Revenues","2021-04",0.907889063632903,0.839686254547049,89.2018111412709,108.731663027396
"sg_lasso","Revenues","2021-05",0.594071678754168,0.503546492863609,107.586039803841,102.92741384778
"sg_lasso","Revenues","2021-06",0.214909755972642,0.204437138031831,98.0238444782517,92.6956410112672
"sg_lasso","Revenues","2021-07",0.366264197869515,0.263075859438783,105.175134551017,95.558103244327
"sg_lasso","Revenues","2021-08",0.580211106173115,0.407782260188784,99.640482107096,100.533048908384
"sg_lasso","Revenues","2021-09",0.271329959779126,0.190913247186021,101.436568695728,91.9187773100893
"sg_lasso","Revenues","2021-10",0.301837909998863,0.259326431591376,103.823215759051,95.3951649210987
"sg_lasso","Revenues","2021-11",0.328558702335289,0.226674024530255,101.818633891823,93.8676371097895
"sg_lasso","Revenues","2021-12",0.306919909641192,0.29453177371829,100.237446582873,96.8401114001475
"sg_lasso","Revenues","2022-01",0.894473136343263,0.779889555891174,93.7898729204837,107.893112493178
"sg_lasso","Revenues","2022-02",0.835509551971987,0.789218383688405,80.2628957621192,108.028081866396
"sg_lasso","Revenues","2022-03",1.1136886276398,1.10650637445426,115.159671658349,111.863737143096
"sg_lasso","Revenues","2022-04",1.32295257886474,1.09473353229313,113.121079206613,111.742321696319
"sg_lasso","Revenues","2022-05",0.637760253640634,0.569764224609229,104.676801598357,104.329764478629
"sg_lasso","Revenues","2022-06",1.50202017399734,1.12825233872541,108.619770826387,112.08464827278
"sg_lasso","Revenues","2022-07",0.077034226676405,0.0633262296273399,100.394660899523,79.3929656592051
"sg_lasso","Revenues","2022-08",0.609442398874207,0.483189794354002,106.420021359444,102.459006469592
"sg_lasso","Revenues","2022-09",2.5715873803223,1.81555871563084,96.2336731770895,117.484482089046
"sg_lasso","Revenues","2022-10",0.246596597075815,0.173449223286411,101.999369102738,90.8298486231194
"sg_lasso","Revenues","2022-11",0.72241026077863,0.504620640691351,95.8909125094608,102.951601156125
"sg_lasso","Revenues","2022-12",0.255773857916119,0.178726475121101,100.61849002346,91.1700505753435
"sg_lasso","Revenues","2023-01",0.380892544800808,0.276561125118717,99.7017227149519,96.1255225192294
"sg_lasso","Revenues","2023-02",0.52160606255734,0.389978013631085,99.5403512237771,100.026315926697
"sg_lasso","Revenues","2023-03",0.340261940540741,0.319578480284374,96.0612793442579,97.766516886837
"sg_lasso","Revenues","2023-04",0.351322785487927,0.31876708164197,95.5767336758595,97.7376609934427
"sg_lasso","Revenues","2023-05",0.755244347613493,0.659933993674457,106.660792649095,105.997389734999
"sg_lasso","Revenues","2023-06",0.345660400788233,0.298527886693742,102.893357383081,96.9930798281317
"sg_lasso","Revenues","2023-07",0.746561755766233,0.679370553090443,108.774534988387,106.326867716278
"sg_lasso","Revenues","2023-08",0.984921890959135,0.884134695366797,90.3250245363996,109.317149021008
"sg_lasso","Revenues","2023-09",0.0897173277181329,0.0673531771269897,99.9975439582354,80.0927467375377
"sg_lasso","Revenues","2023-10",0.324617196013142,0.28304001862966,97.3139181967008,96.3883661827355
"sg_lasso","Revenues","2023-11",1.03878213196737,0.905868429723213,108.788744975222,109.592798874318
"sg_lasso","Revenues","2023-12",0.189423756915371,0.165528479679083,102.242709342787,90.2992944432727
"sg_lasso","Revenues","2024-01",0.282216883381483,0.245045346143592,102.669894342154,94.7522072260623
"sg_lasso","Revenues","2024-02",0.049379699158341,0.0409217826575359,100.42586958893,74.4367921215005
"sg_lasso","Revenues","2024-03",0.261137627576491,0.24896691731051,96.3683985943067,94.9324207383178
"sg_lasso","Revenues","2024-04",0.369492939365122,0.335646983240318,95.6752664302,98.3233532563271
"sg_lasso","Revenues","2024-05",1.32595717070577,1.17935716003356,87.9759677861921,112.587484349664
"sg_lasso","Revenues","2024-06",0.986325844977243,0.841265125259347,91.0044597962433,108.752985982967
"sg_lasso","Revenues","2024-07",1.44476437689769,1.1686500578726,107.140404644936,112.483962651693
"sg_lasso","Revenues","2024-08",1.56108095379031,1.35612418247941,124.276842080672,114.172749096761
"sg_lasso","Revenues","2024-09",0.636049419890894,0.561919222707139,93.5273613669505,104.172391232217
"sg_lasso","Revenues","2024-10",0.390541098734913,0.349538326810753,104.366469415165,98.7836644966124
"sg_lasso","Revenues","2024-11",0.333803952677969,0.301766201868118,96.9188225469861,97.1155457112736
"sg_lasso","Revenues","2024-12",0.0874196657113363,0.0663972485461332,100.352765160861,79.9304934421509
"sg_lasso","Revenues","2025-01",0.379421427890401,0.276055022940629,103.636030190727,96.1047317473156
"sg_lasso","Revenues","2025-02",0.350103998724895,0.309329045305707,104.476551556179,97.3965120133068
"sg_lasso","Revenues","2025-03",0.0691354771475953,0.0556707463620223,100.365182944475,77.930476106176
"sg_lasso","Revenues","2025-04",0.238076945464703,0.20462804237027,97.3801756157547,92.7062354797484
"sg_lasso","Revenues","2025-05",0.468982657987242,0.355150114689266,100.822881141642,98.9644523037022
"sg_lasso","Revenues","2025-06",0.0896676389097428,0.0807117089747263,98.9283458340556,82.1464847600418
"sg_lasso","Revenues","2025-07",0.260082240722763,0.222551592448835,98.2345163875106,93.659304600688
"sg_lasso","Revenues","2025-08",0.254556695467808,0.206577019038456,102.980034074654,92.813834247592
"sg_lasso","Revenues","2025-09",0.364159687896198,0.323598948515807,104.521282231786,97.9084250418902
"sg_lasso","Total","2013-01",0.438449236702488,0.403115867548809,101.092495687987,99.3357798611815
"sg_lasso","Total","2013-02",1.24537661903886,0.98034335231459,88.2842925148099,109.834707906875
"sg_lasso","Total","2013-03",0.602384192309424,0.587936105195008,96.4083075551109,103.794347851519
"sg_lasso","Total","2013-04",0.330383273196716,0.32664777413791,97.1019748351807,96.8507863107847
"sg_lasso","Total","2013-05",1.04868168889928,0.743757759957114,100.914103484312,106.571805321348
"sg_lasso","Total","2013-06",0.875517388462591,0.587601460162916,104.477732182101,103.787621524173
"sg_lasso","Total","2013-07",0.258035370818562,0.179239809374069,98.3954624809879,89.7604703099484
"sg_lasso","Total","2013-08",1.28970396316957,1.09770316963598,112.380940698285,111.170554689621
"sg_lasso","Total","2013-09",0.816785557463254,0.656904122400286,101.783391093198,105.104763865265
"sg_lasso","Total","2013-10",0.401070436100867,0.384936698269688,91.2150766163345,98.7906173059633
"sg_lasso","Total","2013-11",0.917853294881997,0.875975297168542,112.98721228553,108.504855586054
"sg_lasso","Total","2013-12",0.197154224077178,0.145262944683366,99.640016895653,87.2773962116646
"sg_lasso","Total","2014-01",0.127878371516587,0.105045036884308,104.609369634912,83.4477854984523
"sg_lasso","Total","2014-02",0.115348212784882,0.100146249534258,98.6330800514774,82.8835734916409
"sg_lasso","Total","2014-03",0.450948530169554,0.429589714428751,93.6956132218516,100.087233309174
"sg_lasso","Total","2014-04",0.191948358220465,0.167108748685394,99.916805302533,88.9325411108716
"sg_lasso","Total","2014-05",0.165631315915134,0.139812952132807,99.3221557291577,86.8256251127146
"sg_lasso","Total","2014-06",0.181865585285874,0.151258113827987,99.977610652529,87.7551841739701
"sg_lasso","Total","2014-07",0.166544822440084,0.161709248317411,102.911128421298,88.5445094588706
"sg_lasso","Total","2014-08",0.406169089648124,0.363921226115391,103.189518144443,98.1273571818639
"sg_lasso","Total","2014-09",0.201969212896426,0.156717797591692,103.684657947429,88.1740996043055
"sg_lasso","Total","2014-10",0.32939434468996,0.259902076269118,103.499530196927,94.150351911031
"sg_lasso","Total","2014-11",0.165274975285522,0.163001270520478,98.1211914427223,88.6385263807973
"sg_lasso","Total","2014-12",0.750800614043192,0.724949063119579,110.584819739739,106.269199377386
"sg_lasso","Total","2015-01",0.3141449062048,0.307660561906864,98.6881725373724,96.1432957226716
"sg_lasso","Total","2015-02",0.331357236496099,0.313779622980344,105.443907140002,96.3759599465397
"sg_lasso","Total","2015-03",0.206568644908081,0.199306064391662,99.229649339412,91.0141459957479
"sg_lasso","Total","2015-04",1.1528646549891,1.1084080446455,80.6080289670378,111.285208297176
"sg_lasso","Total","2015-05",0.825195399389061,0.804715276570806,90.1381510291296,107.502437849104
"sg_lasso","Total","2015-06",0.311944275435209,0.288360500603271,107.002846841342,95.377912281451
"sg_lasso","Total","2015-07",1.19438198082211,0.946657033429002,83.6292520650848,109.421616542661
"sg_lasso","Total","2015-08",1.1146699191564,0.834362228718321,86.4189294302875,107.929861005887
"sg_lasso","Total","2015-09",0.552792333611552,0.502926674413818,111.837757856043,101.949296059706
"sg_lasso","Total","2015-10",0.911390099528805,0.887749782169855,118.057197977698,108.662597679254
"sg_lasso","Total","2015-11",1.15587447789542,1.01041105294895,104.062163392549,110.191607190666
"sg_lasso","Total","2015-12",0.627436298234015,0.582408854163703,80.4527278909245,103.682756985897
"sg_lasso","Total","2016-01",0.63667767223201,0.634737685471687,90.3060861120393,104.699230535431
"sg_lasso","Total","2016-02",0.355272909346437,0.291248047369747,110.616751991306,95.4956262374211
"sg_lasso","Total","2016-03",0.899661156671066,0.699620347076918,108.424455171986,105.849048332532
"sg_lasso","Total","2016-04",0.267325388290938,0.254184526939258,103.679077845259,93.8875541515205
"sg_lasso","Total","2016-05",0.61429871969217,0.583733361851267,88.9701380478339,103.709593942845
"sg_lasso","Total","2016-06",0.366146798667423,0.330606639474756,106.494415657735,96.9931084907973
"sg_lasso","Total","2016-07",0.179694751394639,0.153561840334616,99.7580019853589,87.9337613339888
"sg_lasso","Total","2016-08",0.260232525035375,0.233518491134441,104.555390587126,92.8857288633762
"sg_lasso","Total","2016-09",0.301908002587079,0.290465135139393,94.947348389458,95.463825693289
"sg_lasso","Total","2016-10",0.114043911846174,0.106864315929626,99.0543616287178,83.6506424895938
"sg_lasso","Total","2016-11",0.232851089156911,0.199270580822221,104.042822556783,91.0120424809492
"sg_lasso","Total","2016-12",0.0925977851467251,0.072491171637734,100.309765797241,79.0656528386338
"sg_lasso","Total","2017-01",0.308817573711314,0.240604587731698,104.420534324905,93.2388944915352
"sg_lasso","Total","2017-02",0.108221337160592,0.0895981635502182,100.576170300264,81.5687036716162
"sg_lasso","Total","2017-03",0.294634757635591,0.231391568841784,100.470956150723,92.7776313194588
"sg_lasso","Total","2017-04",0.124237959422131,0.105440309466139,98.6203839633254,83.492157135488
"sg_lasso","Total","2017-05",0.217188039308601,0.19233434450804,97.4894879765131,90.5934886942397
"sg_lasso","Total","2017-06",0.175615378773877,0.148416647579265,97.9035834706346,87.5311390655869
"sg_lasso","Total","2017-07",0.0951236285499972,0.090240818234665,97.1569256409493,81.653139313319
"sg_lasso","Total","2017-08",0.228551963104892,0.208066950342516,101.382738178882,91.5223672854596
"sg_lasso","Total","2017-09",0.278623543703141,0.232664085315584,100.619116389574,92.8424237915694
"sg_lasso","Total","2017-10",0.0245498012611279,0.017026748744703,99.1516703795462,61.9508321924865
"sg_lasso","Total","2017-11",0.335751782511567,0.267795125753781,99.8840280357037,94.5037974807309
"sg_lasso","Total","2017-12",0.0775158215671368,0.0736215873708177,99.8413458981307,79.2484581601928
"sg_lasso","Total","2018-01",0.0973298007253748,0.0794887582519506,98.9605178174771,80.1543305595452
"sg_lasso","Total","2018-02",0.654494355560187,0.511512135686205,94.2838711842377,102.149272237839
"sg_lasso","Total","2018-03",0.484757523616221,0.377355583057409,102.883629446025,98.5556237190375
"sg_lasso","Total","2018-04",0.264318312054764,0.254807480820288,104.058716009473,93.9164726185181
"sg_lasso","Total","2018-05",0.32596946067645,0.243251117517264,106.703365582221,93.3681340209579
"sg_lasso","Total","2018-06",0.472800390654851,0.376485923666188,94.8705089720791,98.5283653758678
"sg_lasso","Total","2018-07",0.546389628221542,0.542284605874097,92.2859035850761,102.839447066628
"sg_lasso","Total","2018-08",0.460314269708467,0.456430815139395,93.635112542897,100.803244089598
"sg_lasso","Total","2018-09",0.345017821789082,0.337151760191075,104.048617920728,97.2247105022156
"sg_lasso","Total","2018-10",0.391758330223993,0.349229015222152,107.809301825465,97.6405043595891
"sg_lasso","Total","2018-11",0.235131635070792,0.234247463164754,98.716172468544,92.9225513170916
"sg_lasso","Total","2018-12",0.39606847117167,0.333297252119741,103.781429502024,97.0888672388289
"sg_lasso","Total","2019-01",0.519913234175632,0.498211475980596,92.546913146297,101.838010377811
"sg_lasso","Total","2019-02",0.442556519421458,0.415911402090951,100.16913550783,99.7049491166934
"sg_lasso","Total","2019-03",0.28137384328842,0.26628905223294,99.4810664186587,94.4371678005128
"sg_lasso","Total","2019-04",0.215047459352931,0.154309088084915,105.901050880261,87.9911104733454
"sg_lasso","Total","2019-05",0.710809751155785,0.703753714447546,102.499841461722,105.918640751829
"sg_lasso","Total","2019-06",0.465591244918573,0.439138621559314,94.2373443023917,100.346960423672
"sg_lasso","Total","2019-07",0.392415363323855,0.2764106015204,96.3715582600694,94.8778930466216
"sg_lasso","Total","2019-08",0.230120649679695,0.164917489959517,92.9872099738128,88.7766010585754
"sg_lasso","Total","2019-09",0.367949441453636,0.306070881139257,103.147999773019,96.0820941426205
"sg_lasso","Total","2019-10",0.337729090061605,0.319007379137514,96.0979370334754,96.5711680177026
"sg_lasso","Total","2019-11",0.926356874554543,0.816141968624106,96.6046534211983,107.669014094444
"sg_lasso","Total","2019-12",0.18107376734757,0.158765962061749,96.1963969364792,88.3274991378866
"sg_lasso","Total","2020-01",0.251540878573696,0.2517884802001,101.827055265574,93.7756615682643
"sg_lasso","Total","2020-02",0.265941720883455,0.238745920029146,100.94757997471,93.147276481551
"sg_lasso","Total","2020-03",0.867414100102341,0.814369164248134,106.3124625658,107.643323903342
"sg_lasso","Total","2020-04",1.91966578688322,1.786281752764,82.7936309098298,116.923025139652
"sg_lasso","Total","2020-05",2.60159654561714,2.49742370635228,93.0034793540129,120.882202419103
"sg_lasso","Total","2020-06",0.941962575432317,0.716789395022371,87.3087722517309,106.135471865406
"sg_lasso","Total","2020-07",2.23305688778908,1.72250564645607,91.448974738974,116.493509584849
"sg_lasso","Total","2020-08",1.60826834470235,1.26261448898805,86.1671486122309,112.824108405579
"sg_lasso","Total","2020-09",1.82618808256842,1.56865847465548,127.904357811972,115.38819289934
"sg_lasso","Total","2020-10",3.26076147177248,2.72119736902709,148.873337196151,121.895996409167
"sg_lasso","Total","2020-11",3.92767408674922,3.43591417561189,126.995657392483,124.651171570004
"sg_lasso","Total","2020-12",1.2954791407716,1.11494732865774,80.6035183934459,111.354703157278
"sg_lasso","Total","2021-01",2.98111213382595,2.95610699712972,61.2147336178052,122.874216967606
"sg_lasso","Total","2021-02",3.79525341900885,3.42818330103077,105.010142424808,124.624559694308
"sg_lasso","Total","2021-03",0.721944507535164,0.55485911464682,85.011762019095,103.110264514199
"sg_lasso","Total","2021-04",2.0955100155367,2.04045427294879,95.8277526948992,118.494726691495
"sg_lasso","Total","2021-05",1.05060590844988,0.87648943117474,103.431327724029,108.511787564028
"sg_lasso","Total","2021-06",0.299015433049893,0.21338181518636,100.360966556898,91.820356523972
"sg_lasso","Total","2021-07",0.949671266646601,0.873131475986351,109.40592663646,108.466439203895
"sg_lasso","Total","2021-08",0.307094327202917,0.243000243954991,104.090104796678,93.3559434450816
"sg_lasso","Total","2021-09",0.751955399332596,0.535824188301719,100.571515964074,102.697856827046
"sg_lasso","Total","2021-10",0.315926449582845,0.309156305652083,95.3171559799907,96.2005927278028
"sg_lasso","Total","2021-11",0.486619951958323,0.388919934323287,89.5073279393999,98.9122385629442
"sg_lasso","Total","2021-12",0.380218952998599,0.330102598094568,102.879147858384,96.9750830449864
"sg_lasso","Total","2022-01",0.45308129393809,0.446207020064739,107.011816611003,100.535606387405
"sg_lasso","Total","2022-02",0.90579426891186,0.899693504154151,106.419764065027,108.82048381503
"sg_lasso","Total","2022-03",1.89998359772729,1.84665092572882,123.782684500184,117.315695365463
"sg_lasso","Total","2022-04",1.03956438090669,0.784437882676788,116.687806005988,107.20092899475
"sg_lasso","Total","2022-05",0.616254051125173,0.488675653776656,106.516410754011,101.609695457563
"sg_lasso","Total","2022-06",0.827579355501505,0.699449216851007,106.25078444947,105.846158201493
"sg_lasso","Total","2022-07",0.522103509904426,0.412736494687227,93.8483770822399,99.6144189597066
"sg_lasso","Total","2022-08",0.577044571011296,0.472851519065746,100.727422037122,101.220804594419
"sg_lasso","Total","2022-09",1.71967437070837,1.28675007130898,94.649698026412,113.047809923071
"sg_lasso","Total","2022-10",1.10033579215814,0.864785305444425,97.3069981423698,108.352966413752
"sg_lasso","Total","2022-11",0.542618772784823,0.410633246626777,106.448986382318,99.5540620971865
"sg_lasso","Total","2022-12",0.327677931458036,0.26933493756664,97.4450104725142,94.5715334723842
"sg_lasso","Total","2023-01",0.817459688315224,0.643371248522203,118.294289350733,104.858840101616
"sg_lasso","Total","2023-02",0.350821168840731,0.266172936260293,96.5815397142517,94.4320151168745
"sg_lasso","Total","2023-03",0.786362134949774,0.648572773188347,105.007571599199,104.953970524952
"sg_lasso","Total","2023-04",0.594984251221892,0.499727479897486,91.1275818920915,101.873904786091
"sg_lasso","Total","2023-05",0.809603988939551,0.626978452778454,108.574783493483,104.553921469754
"sg_lasso","Total","2023-06",0.605012638953108,0.530601293034261,93.1512302543503,102.5821352368
"sg_lasso","Total","2023-07",1.00463580538072,0.976903250062626,97.7694813043015,109.793178438849
"sg_lasso","Total","2023-08",1.59740963992625,1.14258680388887,88.7236961104887,111.644002392868
"sg_lasso","Total","2023-09",0.67938261490739,0.661170381365752,107.909736146264,105.181242281972
"sg_lasso","Total","2023-10",0.867214755391248,0.606172116704919,97.9052613141765,104.155217247015
"sg_lasso","Total","2023-11",0.831859321928485,0.781765614713702,108.16459704789,107.160614394831
"sg_lasso","Total","2023-12",0.82277375851245,0.660736203548961,96.9903326835402,105.173481651633
"sg_lasso","Total","2024-01",0.227820034825944,0.173834200309293,103.986906020142,89.3986916564777
"sg_lasso","Total","2024-02",0.581024287634143,0.440600263941975,99.2952564660917,100.386217491253
"sg_lasso","Total","2024-03",1.7889313579788,1.50116229340486,83.9698599279891,114.868596302775
"sg_lasso","Total","2024-04",0.390572310661627,0.316149114381221,93.2905182699294,96.4648382755796
"sg_lasso","Total","2024-05",1.13778181133792,0.888016680443351,76.5765770996494,108.666149001119
"sg_lasso","Total","2024-06",0.899774926661443,0.743578779518483,78.2480510920159,106.568961996765
"sg_lasso","Total","2024-07",1.08673340085716,0.888256857706128,103.728402049648,108.669343863568
"sg_lasso","Total","2024-08",0.904378496764873,0.837431774019733,123.383727096449,107.973244236502
"sg_lasso","Total","2024-09",0.586869507282023,0.518825415915715,93.2802017926015,102.316986539147
"sg_lasso","Total","2024-10",0.435395007966084,0.34228208112561,101.794306292003,97.4031272959771
"sg_lasso","Total","2024-11",0.398295159959093,0.347841128215417,98.2151943770297,97.593459917845
"sg_lasso","Total","2024-12",0.308433988542561,0.230682788581323,102.35651018732,92.7413878133657
"sg_lasso","Total","2025-01",0.756751770678135,0.541923430655602,103.125380748954,102.83157596617
"sg_lasso","Total","2025-02",0.758996390074501,0.660840375562539,108.521035982582,105.175344119734
"sg_lasso","Total","2025-03",1.34717884399372,1.09671162435194,108.19883709259,111.15987831074
"sg_lasso","Total","2025-04",0.875379707610683,0.614791187757851,92.4764416284745,104.322016914539
"sg_lasso","Total","2025-05",1.05583839690853,0.882698963942092,90.5108276950932,108.595189953349
"sg_lasso","Total","2025-06",0.488213336877374,0.349371660022446,100.488684140887,97.6453289124304
"sg_lasso","Total","2025-07",0.769695705818863,0.558150099481406,100.733475821739,103.180129327705
"sg_lasso","Total","2025-08",0.337528327847902,0.25094773544617,103.756588094172,93.7361472479151
"sg_lasso","Total","2025-09",0.359338182233733,0.294682368334202,104.604438272925,95.6341199089342
