"model","block","year_month","cross_sec_sd","fragmentation_index"
"factor_midas","Expenditures","2013-01",4.28536556234082,124.391451211721
"factor_midas","Expenditures","2013-02",2.89411785428365,120.590944584195
"factor_midas","Expenditures","2013-03",0.773642858026061,107.816986268303
"factor_midas","Expenditures","2013-04",1.20324351486451,112.093278292733
"factor_midas","Expenditures","2013-05",2.05130043390797,117.258272753368
"factor_midas","Expenditures","2013-06",0.761975031615711,107.669850331759
"factor_midas","Expenditures","2013-07",0.0987980369484241,87.8907231928778
"factor_midas","Expenditures","2013-08",0.596713329724525,105.302777769737
"factor_midas","Expenditures","2013-09",0.120002186589514,89.7732530043483
"factor_midas","Expenditures","2013-10",0.338624657050986,99.817385934426
"factor_midas","Expenditures","2013-11",1.79417524974546,115.961551503446
"factor_midas","Expenditures","2013-12",0.108993502247414,88.8416162441378
"factor_midas","Expenditures","2014-01",0.178186137435409,93.6008043725788
"factor_midas","Expenditures","2014-02",2.03351723326045,117.173969642563
"factor_midas","Expenditures","2014-03",0.289045232727084,98.2846071509228
"factor_midas","Expenditures","2014-04",0.681946316349098,106.595486930997
"factor_midas","Expenditures","2014-05",0.387513159785339,101.123102101098
"factor_midas","Expenditures","2014-06",0.52538977387814,104.070269819592
"factor_midas","Expenditures","2014-07",0.344548713277301,99.9853060528746
"factor_midas","Expenditures","2014-08",0.803465329382421,108.183202441124
"factor_midas","Expenditures","2014-09",0.13769836643905,91.105092271619
"factor_midas","Expenditures","2014-10",0.811942873706215,108.284826228427
"factor_midas","Expenditures","2014-11",1.01638563787718,110.459234446817
"factor_midas","Expenditures","2014-12",0.753738157851955,107.564617014817
"factor_midas","Expenditures","2015-01",0.639732269912542,105.976783562691
"factor_midas","Expenditures","2015-02",1.38045214813981,113.423516816091
"factor_midas","Expenditures","2015-03",0.126625033755377,90.2933828253555
"factor_midas","Expenditures","2015-04",0.524483557492989,104.053555114514
"factor_midas","Expenditures","2015-05",1.08903243312052,111.127661718007
"factor_midas","Expenditures","2015-06",0.623610005007477,105.729649729462
"factor_midas","Expenditures","2015-07",0.532793012656304,104.205748748427
"factor_midas","Expenditures","2015-08",0.69321734584586,106.754203595309
"factor_midas","Expenditures","2015-09",0.219844737424156,95.6349631862145
"factor_midas","Expenditures","2015-10",0.0625165509105099,83.4597037256284
"factor_midas","Expenditures","2015-11",1.37028604301861,113.351950127925
"factor_midas","Expenditures","2015-12",2.48065118586122,119.098345406119
"factor_midas","Expenditures","2016-01",0.231827813435248,96.1488294964672
"factor_midas","Expenditures","2016-02",0.632778492627524,105.870963688757
"factor_midas","Expenditures","2016-03",0.164822669528433,92.8459948276308
"factor_midas","Expenditures","2016-04",0.101877264478351,88.1878799080957
"factor_midas","Expenditures","2016-05",0.350695148458023,100.156504989029
"factor_midas","Expenditures","2016-06",0.139356471708626,91.2209847232186
"factor_midas","Expenditures","2016-07",0.142099342186098,91.4097023336758
"factor_midas","Expenditures","2016-08",0.373507278205234,100.766678237038
"factor_midas","Expenditures","2016-09",0.19147026820705,94.2969908248871
"factor_midas","Expenditures","2016-10",0.969369039079937,110.000659427287
"factor_midas","Expenditures","2016-11",0.255978344056802,97.1083145455522
"factor_midas","Expenditures","2016-12",0.379419939675671,100.918747887879
"factor_midas","Expenditures","2017-01",0.248288677834731,96.8130004390158
"factor_midas","Expenditures","2017-02",0.375643899995035,100.821906701398
"factor_midas","Expenditures","2017-03",0.336413978390897,99.7539694525288
"factor_midas","Expenditures","2017-04",0.0417457254714589,79.5497034882195
"factor_midas","Expenditures","2017-05",0.219087318287957,95.6015480674264
"factor_midas","Expenditures","2017-06",0.0953857529301274,87.5504086479277
"factor_midas","Expenditures","2017-07",0.104329551890163,88.4181791087831
"factor_midas","Expenditures","2017-08",0.666532469883884,106.374131883439
"factor_midas","Expenditures","2017-09",0.392220896698037,101.240018266364
"factor_midas","Expenditures","2017-10",0.10832111244127,88.7817010216586
"factor_midas","Expenditures","2017-11",0.551829328205749,104.545649834933
"factor_midas","Expenditures","2017-12",0.077752947443669,85.5714390058297
"factor_midas","Expenditures","2018-01",0.0961374561069421,87.6264116609851
"factor_midas","Expenditures","2018-02",0.641762115500995,106.007456139418
"factor_midas","Expenditures","2018-03",0.0785078636356204,85.6649915599908
"factor_midas","Expenditures","2018-04",0.191024555344219,94.2744259252607
"factor_midas","Expenditures","2018-05",0.598998293129496,105.339782473407
"factor_midas","Expenditures","2018-06",0.118896598787751,89.6836369123693
"factor_midas","Expenditures","2018-07",0.124675603476576,90.1431632835159
"factor_midas","Expenditures","2018-08",0.480154313167879,103.198554397245
"factor_midas","Expenditures","2018-09",0.144151552363717,91.5485331985963
"factor_midas","Expenditures","2018-10",0.104667117023824,88.4494559006721
"factor_midas","Expenditures","2018-11",0.395826284952438,101.328612703538
"factor_midas","Expenditures","2018-12",0.103851032450501,88.3736684798296
"factor_midas","Expenditures","2019-01",0.203536970255288,94.8887190506922
"factor_midas","Expenditures","2019-02",0.111057727961515,89.0232722354447
"factor_midas","Expenditures","2019-03",0.12631352883397,90.269534730541
"factor_midas","Expenditures","2019-04",0.128636697792744,90.445992594795
"factor_midas","Expenditures","2019-05",0.0957246031412169,87.584742900523
"factor_midas","Expenditures","2019-06",0.0250099094590082,74.5892760172323
"factor_midas","Expenditures","2019-07",0.0945665122438282,87.4668919466072
"factor_midas","Expenditures","2019-08",0.622273607926731,105.708878518571
"factor_midas","Expenditures","2019-09",0.193743356806153,94.4112584940539
"factor_midas","Expenditures","2019-10",0.076704420390043,85.4399827416229
"factor_midas","Expenditures","2019-11",0.267420742818371,97.5317204639674
"factor_midas","Expenditures","2019-12",0.0654866505768973,83.9091023655776
"factor_midas","Expenditures","2020-01",0.106737469414524,88.6391035027542
"factor_midas","Expenditures","2020-02",0.71599388606197,107.067209899056
"factor_midas","Expenditures","2020-03",0.800097041454745,108.142527438012
"factor_midas","Expenditures","2020-04",1.51021915182144,114.293400458163
"factor_midas","Expenditures","2020-05",1.25240926579569,112.481033252583
"factor_midas","Expenditures","2020-06",1.22208408219951,112.243708795818
"factor_midas","Expenditures","2020-07",0.933997536744707,109.640757084521
"factor_midas","Expenditures","2020-08",5.16093501181738,126.191485643645
"factor_midas","Expenditures","2020-09",1.04059919221664,110.687190495506
"factor_midas","Expenditures","2020-10",0.622198826903483,105.707714902458
"factor_midas","Expenditures","2020-11",0.942202583560907,109.725442432517
"factor_midas","Expenditures","2020-12",0.153030339842138,92.1272474668029
"factor_midas","Expenditures","2021-01",2.47108941026596,119.060952880034
"factor_midas","Expenditures","2021-02",2.79271209523396,120.245608453028
"factor_midas","Expenditures","2021-03",0.495118073273225,103.495688497555
"factor_midas","Expenditures","2021-04",0.237373856472605,96.3777304055286
"factor_midas","Expenditures","2021-05",0.549613043039645,104.506685429785
"factor_midas","Expenditures","2021-06",0.440146117905084,102.356196300033
"factor_midas","Expenditures","2021-07",0.346358278375908,100.036023714372
"factor_midas","Expenditures","2021-08",0.539208358686792,104.32163543186
"factor_midas","Expenditures","2021-09",0.281561967207249,98.0306371550468
"factor_midas","Expenditures","2021-10",0.326847675800135,99.4746552972703
"factor_midas","Expenditures","2021-11",1.4595371648346,113.962895034844
"factor_midas","Expenditures","2021-12",0.290456956965161,98.3317807762063
"factor_midas","Expenditures","2022-01",2.74427979794764,120.076223096685
"factor_midas","Expenditures","2022-02",2.35138552884293,118.580189836518
"factor_midas","Expenditures","2022-03",0.507657917636858,103.737855219266
"factor_midas","Expenditures","2022-04",1.46052905196667,113.969472721439
"factor_midas","Expenditures","2022-05",0.499336899732993,103.577839477182
"factor_midas","Expenditures","2022-06",0.677834070953179,106.536925028376
"factor_midas","Expenditures","2022-07",1.31008599952589,112.916961032764
"factor_midas","Expenditures","2022-08",0.263102663451142,97.3741048399713
"factor_midas","Expenditures","2022-09",0.731424319357447,107.273654793974
"factor_midas","Expenditures","2022-10",0.957315252556744,109.879509764592
"factor_midas","Expenditures","2022-11",0.583972138546728,105.093801834603
"factor_midas","Expenditures","2022-12",0.191274023590557,94.2870621184211
"factor_midas","Expenditures","2023-01",0.880378728456433,109.068330386751
"factor_midas","Expenditures","2023-02",0.42093502449902,101.924096881174
"factor_midas","Expenditures","2023-03",0.325734825793399,99.4416331558264
"factor_midas","Expenditures","2023-04",0.0981217299398337,87.8242173370467
"factor_midas","Expenditures","2023-05",0.37590927691784,100.828744354456
"factor_midas","Expenditures","2023-06",0.393011356653579,101.259511572098
"factor_midas","Expenditures","2023-07",0.240921033716419,96.5213450458532
"factor_midas","Expenditures","2023-08",0.601655333451742,105.382635817793
"factor_midas","Expenditures","2023-09",0.101467071556419,88.1488173864706
"factor_midas","Expenditures","2023-10",0.162304389462954,92.6969215701224
"factor_midas","Expenditures","2023-11",0.246018742918768,96.724075631948
"factor_midas","Expenditures","2023-12",0.0760001091789686,85.3506687775064
"factor_midas","Expenditures","2024-01",0.413809772373262,101.758801519295
"factor_midas","Expenditures","2024-02",0.212661338319254,95.3133148377392
"factor_midas","Expenditures","2024-03",0.166594704015304,92.9495339885481
"factor_midas","Expenditures","2024-04",0.349580016529075,100.12566874333
"factor_midas","Expenditures","2024-05",0.107171933668971,88.6784339039005
"factor_midas","Expenditures","2024-06",0.118265649120865,89.6321195302698
"factor_midas","Expenditures","2024-07",0.210893234427821,95.2324788904911
"factor_midas","Expenditures","2024-08",0.307964911638796,98.8984837885953
"factor_midas","Expenditures","2024-09",0.0410202455137913,79.3799618725856
"factor_midas","Expenditures","2024-10",0.24668896879864,96.7504168410305
"factor_midas","Expenditures","2024-11",0.293804549833657,98.4427324136464
"factor_midas","Expenditures","2024-12",0.116208812892849,89.4622486610666
"factor_midas","Expenditures","2025-01",0.269463809307514,97.605410249517
"factor_midas","Expenditures","2025-02",0.53297932484428,104.209133918015
"factor_midas","Expenditures","2025-03",0.22957369454872,96.0542265054917
"factor_midas","Expenditures","2025-04",0.166183684873988,92.9256167652882
"factor_midas","Expenditures","2025-05",0.580076270705596,105.028992375068
"factor_midas","Expenditures","2025-06",0.282412835464829,98.0598521997169
"factor_midas","Expenditures","2025-07",0.150726214261465,91.9803574021862
"factor_midas","Expenditures","2025-08",0.127591407722896,90.3669945991649
"factor_midas","Expenditures","2025-09",0.0970037488282409,87.713266945096
"factor_midas","Revenues","2013-01",NA,NA
"factor_midas","Revenues","2013-02",NA,NA
"factor_midas","Revenues","2013-03",2.71724562307462,120.001866177239
"factor_midas","Revenues","2013-04",0.361223201841518,100.414441382877
"factor_midas","Revenues","2013-05",2.06382648872022,117.33190424151
"factor_midas","Revenues","2013-06",1.25383390833525,112.494393313595
"factor_midas","Revenues","2013-07",0.0943699806008329,87.3850745273132
"factor_midas","Revenues","2013-08",0.269408900297756,97.5677276390471
"factor_midas","Revenues","2013-09",0.251646645836798,96.9056715000446
"factor_midas","Revenues","2013-10",0.17910322179231,93.6046937012595
"factor_midas","Revenues","2013-11",0.521744535010384,103.983509491955
"factor_midas","Revenues","2013-12",0.139645587930967,91.1890764697309
"factor_midas","Revenues","2014-01",0.573356673428796,104.899164562441
"factor_midas","Revenues","2014-02",0.165081932544879,92.8133800189851
"factor_midas","Revenues","2014-03",0.523823162644517,104.02210507036
"factor_midas","Revenues","2014-04",0.394448225880481,101.268573063917
"factor_midas","Revenues","2014-05",1.34327350186825,113.163236219881
"factor_midas","Revenues","2014-06",0.910576155685402,109.389300455726
"factor_midas","Revenues","2014-07",0.275569947825265,97.7872131507252
"factor_midas","Revenues","2014-08",0.198875113681161,94.6211538370299
"factor_midas","Revenues","2014-09",0.862111997141117,108.858404991315
"factor_midas","Revenues","2014-10",0.326418719548847,99.4309817316621
"factor_midas","Revenues","2014-11",0.135292124600503,90.8816442941054
"factor_midas","Revenues","2014-12",0.331519975030736,99.5815081717705
"factor_midas","Revenues","2015-01",1.12003750890701,111.39902497314
"factor_midas","Revenues","2015-02",1.1213255225478,111.410181287628
"factor_midas","Revenues","2015-03",0.519770228704776,103.946708284802
"factor_midas","Revenues","2015-04",1.42289299442238,113.722186925524
"factor_midas","Revenues","2015-05",0.17300554146933,93.2684581109298
"factor_midas","Revenues","2015-06",0.438091732546923,102.287223775795
"factor_midas","Revenues","2015-07",0.437747145444682,102.279585641967
"factor_midas","Revenues","2015-08",0.409515667718593,101.632459842678
"factor_midas","Revenues","2015-09",0.449375659854932,102.534079795477
"factor_midas","Revenues","2015-10",0.31882636317936,99.2025353056509
"factor_midas","Revenues","2015-11",0.684699177966869,106.62187109711
"factor_midas","Revenues","2015-12",0.180835653733791,93.6981359374078
"factor_midas","Revenues","2016-01",0.117917539057643,89.5474176250998
"factor_midas","Revenues","2016-02",0.326309415145715,99.4277307256627
"factor_midas","Revenues","2016-03",0.157530912897968,92.3588990389949
"factor_midas","Revenues","2016-04",0.20519252239121,94.9247055865263
"factor_midas","Revenues","2016-05",0.0855922729570299,86.4374050646272
"factor_midas","Revenues","2016-06",0.129178680789292,90.432797630921
"factor_midas","Revenues","2016-07",0.245517570542958,96.666323645232
"factor_midas","Revenues","2016-08",0.0808067482317607,85.8789207022385
"factor_midas","Revenues","2016-09",0.117425929055819,89.5068638176275
"factor_midas","Revenues","2016-10",0.10589185580218,88.5032688927017
"factor_midas","Revenues","2016-11",0.18068042167745,93.689799773102
"factor_midas","Revenues","2016-12",0.346077105967638,99.9986498003258
"factor_midas","Revenues","2017-01",0.173885300337726,93.3176942730113
"factor_midas","Revenues","2017-02",0.121217344349155,89.8153254456178
"factor_midas","Revenues","2017-03",0.253269080385935,96.9680539210721
"factor_midas","Revenues","2017-04",0.322730882684729,99.320689729523
"factor_midas","Revenues","2017-05",0.232799794923451,96.1500144904858
"factor_midas","Revenues","2017-06",0.442794901064386,102.390878019944
"factor_midas","Revenues","2017-07",0.0863324904085243,86.5209915396221
"factor_midas","Revenues","2017-08",0.0396312607427376,78.9632848117563
"factor_midas","Revenues","2017-09",0.128316188619296,90.3677695934141
"factor_midas","Revenues","2017-10",0.308315065175837,98.8771155065277
"factor_midas","Revenues","2017-11",0.168400115349128,93.0065566661137
"factor_midas","Revenues","2017-12",0.149616920663273,91.8585688117302
"factor_midas","Revenues","2018-01",0.25285006874791,96.9519813313792
"factor_midas","Revenues","2018-02",0.355846328480156,100.268865604415
"factor_midas","Revenues","2018-03",0.171281585247581,93.1712457431996
"factor_midas","Revenues","2018-04",0.0872544350463487,86.6241023874092
"factor_midas","Revenues","2018-05",0.383066589470401,100.984362968183
"factor_midas","Revenues","2018-06",0.384936892060808,101.031641282926
"factor_midas","Revenues","2018-07",0.423809741428707,101.965499870884
"factor_midas","Revenues","2018-08",0.0889159667219243,86.8072077232709
"factor_midas","Revenues","2018-09",0.0514146677391895,81.49005310609
"factor_midas","Revenues","2018-10",0.368552296310485,100.609420493774
"factor_midas","Revenues","2018-11",0.447615832387717,102.495991216724
"factor_midas","Revenues","2018-12",0.0850510320414931,86.3758285270752
"factor_midas","Revenues","2019-01",0.418541329576751,101.844075827385
"factor_midas","Revenues","2019-02",0.0650295138496627,83.7703859467914
"factor_midas","Revenues","2019-03",0.0784605237652868,85.5929069739448
"factor_midas","Revenues","2019-04",0.273245461646755,97.7049859111924
"factor_midas","Revenues","2019-05",0.110081247391273,88.8799017546086
"factor_midas","Revenues","2019-06",0.330585894100329,99.5541195739504
"factor_midas","Revenues","2019-07",0.096557487317876,87.6075142929802
"factor_midas","Revenues","2019-08",0.10559456350955,88.4759782417746
"factor_midas","Revenues","2019-09",0.107297322603964,88.6312583419046
"factor_midas","Revenues","2019-10",0.0701715957057051,84.5091073900758
"factor_midas","Revenues","2019-11",0.059570980779134,82.919352398054
"factor_midas","Revenues","2019-12",0.0979929810401904,87.7507625481882
"factor_midas","Revenues","2020-01",0.111500314988543,89.0042351641492
"factor_midas","Revenues","2020-02",0.0759238299507413,85.2738881598765
"factor_midas","Revenues","2020-03",1.32692833574371,113.044396090658
"factor_midas","Revenues","2020-04",2.33177905177355,118.516828152979
"factor_midas","Revenues","2020-05",1.65361256821569,115.18085118629
"factor_midas","Revenues","2020-06",2.27942506598111,118.296400280857
"factor_midas","Revenues","2020-07",6.76807806387759,128.860406431578
"factor_midas","Revenues","2020-08",2.63996066820752,119.721775172803
"factor_midas","Revenues","2020-09",3.03314393713504,121.06944496722
"factor_midas","Revenues","2020-10",2.66748061934952,119.822440241569
"factor_midas","Revenues","2020-11",3.88327646044833,123.467832004385
"factor_midas","Revenues","2020-12",1.66457005392013,115.244961019833
"factor_midas","Revenues","2021-01",0.524016162540143,104.0256808836
"factor_midas","Revenues","2021-02",1.1660274612096,111.789636838431
"factor_midas","Revenues","2021-03",0.88640280550503,109.128124921139
"factor_midas","Revenues","2021-04",1.13572169910778,111.534010996222
"factor_midas","Revenues","2021-05",0.924274645091976,109.534241849693
"factor_midas","Revenues","2021-06",0.730308030949724,107.247840934017
"factor_midas","Revenues","2021-07",0.527351177509318,104.087263367896
"factor_midas","Revenues","2021-08",0.451390525978156,102.577505541395
"factor_midas","Revenues","2021-09",0.800623025938343,108.14013996984
"factor_midas","Revenues","2021-10",0.648018856384519,106.087408891634
"factor_midas","Revenues","2021-11",1.22064745104529,112.234008776805
"factor_midas","Revenues","2021-12",0.765508371607792,107.704783067118
"factor_midas","Revenues","2022-01",1.4326230763979,113.788339387791
"factor_midas","Revenues","2022-02",1.35009200420565,113.212384358002
"factor_midas","Revenues","2022-03",0.950097852535485,109.801723628418
"factor_midas","Revenues","2022-04",0.93582750748689,109.65482061486
"factor_midas","Revenues","2022-05",0.674300671339189,106.473321156496
"factor_midas","Revenues","2022-06",0.475304377672148,103.078602341833
"factor_midas","Revenues","2022-07",0.362675157898973,100.453380751474
"factor_midas","Revenues","2022-08",0.37358866611402,100.741170400898
"factor_midas","Revenues","2022-09",0.621734174853861,105.685471926425
"factor_midas","Revenues","2022-10",1.29310640030585,112.793769021794
"factor_midas","Revenues","2022-11",0.963840410139503,109.94112259281
"factor_midas","Revenues","2022-12",0.683913395386864,106.610724703855
"factor_midas","Revenues","2023-01",1.51752600683086,114.347209780779
"factor_midas","Revenues","2023-02",0.482805179104449,103.230591920704
"factor_midas","Revenues","2023-03",0.219345110094603,95.5721359470245
"factor_midas","Revenues","2023-04",0.449795295960008,102.543140105345
"factor_midas","Revenues","2023-05",0.285867150046597,98.1433191431807
"factor_midas","Revenues","2023-06",0.301261895359289,98.6524752322769
"factor_midas","Revenues","2023-07",0.602436188374514,105.379403480691
"factor_midas","Revenues","2023-08",1.13245612207094,111.506060110379
"factor_midas","Revenues","2023-09",0.577222825421861,104.964398916926
"factor_midas","Revenues","2023-10",0.238731702763541,96.3942557556837
"factor_midas","Revenues","2023-11",0.159120739710851,92.4563719979296
"factor_midas","Revenues","2023-12",0.122870971595069,89.9468508709868
"factor_midas","Revenues","2024-01",0.224279064332888,95.7880645939646
"factor_midas","Revenues","2024-02",0.103534678670693,88.2847488404817
"factor_midas","Revenues","2024-03",0.470203271230641,102.973861515614
"factor_midas","Revenues","2024-04",0.567562477939956,104.800569662728
"factor_midas","Revenues","2024-05",0.659889952966622,106.263621809294
"factor_midas","Revenues","2024-06",0.320117454698538,99.2417643193703
"factor_midas","Revenues","2024-07",0.774717222941018,107.820858080734
"factor_midas","Revenues","2024-08",0.341149673072839,99.8594493856399
"factor_midas","Revenues","2024-09",0.247062890780062,96.7272289580442
"factor_midas","Revenues","2024-10",0.388495432520597,101.120964652161
"factor_midas","Revenues","2024-11",0.178530409196644,93.5735989547348
"factor_midas","Revenues","2024-12",0.073660171511195,84.9800749290996
"factor_midas","Revenues","2025-01",0.140510510938147,91.2490129437664
"factor_midas","Revenues","2025-02",0.715126573597361,107.043928631373
"factor_midas","Revenues","2025-03",0.20293695483438,94.8174117584791
"factor_midas","Revenues","2025-04",0.100867343117876,88.0313937921118
"factor_midas","Revenues","2025-05",0.160042616284594,92.5124475304054
"factor_midas","Revenues","2025-06",0.0866309037704638,86.554486304971
"factor_midas","Revenues","2025-07",0.153380987915229,92.0997550523223
"factor_midas","Revenues","2025-08",0.113847704332701,89.2064716615085
"factor_midas","Revenues","2025-09",0.117844315501376,89.5413880079876
"factor_midas","Total","2013-01",4.32347162146394,124.731240256352
"factor_midas","Total","2013-02",1.65915595123328,114.88489529111
"factor_midas","Total","2013-03",2.19561057951959,117.765047659281
"factor_midas","Total","2013-04",0.77263855944694,107.027833979047
"factor_midas","Total","2013-05",2.08031065023201,117.210476012005
"factor_midas","Total","2013-06",0.840234805882118,107.890077235103
"factor_midas","Total","2013-07",0.0932378140997766,85.2876524463766
"factor_midas","Total","2013-08",0.35564080750869,99.0511342924143
"factor_midas","Total","2013-09",0.159732586810819,90.8222481631282
"factor_midas","Total","2013-10",0.234273021983726,94.7596165850561
"factor_midas","Total","2013-11",1.40113439930504,113.147179930107
"factor_midas","Total","2013-12",0.163132351242814,91.0387676645272
"factor_midas","Total","2014-01",0.243336678072608,95.1498598773295
"factor_midas","Total","2014-02",1.78958399743287,115.662879439584
"factor_midas","Total","2014-03",0.357992726356423,99.1188987053194
"factor_midas","Total","2014-04",0.781508744945156,107.145188077947
"factor_midas","Total","2014-05",0.745397766645785,106.658824751627
"factor_midas","Total","2014-06",0.259078840899522,95.7943207618883
"factor_midas","Total","2014-07",0.248877119222674,95.381312406322
"factor_midas","Total","2014-08",0.589474337830861,104.246078222136
"factor_midas","Total","2014-09",0.641902739271929,105.122052216104
"factor_midas","Total","2014-10",0.831539932581061,107.783136678507
"factor_midas","Total","2014-11",0.512630046995373,102.810102243987
"factor_midas","Total","2014-12",0.660280192420145,105.412250731174
"factor_midas","Total","2015-01",0.90836516290405,108.691613424151
"factor_midas","Total","2015-02",0.825821501762532,107.712192887739
"factor_midas","Total","2015-03",0.303726030389598,97.4288881605917
"factor_midas","Total","2015-04",1.08227367914877,110.492514941299
"factor_midas","Total","2015-05",0.687568557423091,105.828591297796
"factor_midas","Total","2015-06",0.448610056578739,101.438651776878
"factor_midas","Total","2015-07",0.55846350558276,103.690489076371
"factor_midas","Total","2015-08",0.418153036892529,100.715850585366
"factor_midas","Total","2015-09",0.361448072002406,99.2176522740551
"factor_midas","Total","2015-10",0.162058861638395,90.9708920704854
"factor_midas","Total","2015-11",1.09677087267436,110.629312157338
"factor_midas","Total","2015-12",2.29296632816649,118.211087931238
"factor_midas","Total","2016-01",0.212282753646544,93.7462670670881
"factor_midas","Total","2016-02",0.104124652119889,86.4230064503964
"factor_midas","Total","2016-03",0.168562530754655,91.3754088472456
"factor_midas","Total","2016-04",0.183434008981891,92.244624165622
"factor_midas","Total","2016-05",0.144246691525234,89.7738614886809
"factor_midas","Total","2016-06",0.116941848907894,87.6164736421821
"factor_midas","Total","2016-07",0.181950683479199,92.1611520299691
"factor_midas","Total","2016-08",0.346162935292992,98.7734351114659
"factor_midas","Total","2016-09",0.19776299089528,93.0178806281958
"factor_midas","Total","2016-10",0.893284722903855,108.51950315562
"factor_midas","Total","2016-11",0.275267086323366,96.4174286097515
"factor_midas","Total","2016-12",0.437819505670977,101.188344275793
"factor_midas","Total","2017-01",0.163483389841445,91.0608665795834
"factor_midas","Total","2017-02",0.110376686229566,87.0224763560288
"factor_midas","Total","2017-03",0.279384649436779,96.5700730150782
"factor_midas","Total","2017-04",0.246824830683407,95.29618423607
"factor_midas","Total","2017-05",0.241883592243862,95.0882845605388
"factor_midas","Total","2017-06",0.323722640228845,98.0843966091941
"factor_midas","Total","2017-07",0.11464845042191,87.4128508543198
"factor_midas","Total","2017-08",0.512664036345971,102.810783872016
"factor_midas","Total","2017-09",0.411549407840442,100.552198141549
"factor_midas","Total","2017-10",0.287672668624888,96.8706167927533
"factor_midas","Total","2017-11",0.394096776151081,100.10670856885
"factor_midas","Total","2017-12",0.105686272653344,86.5760476838942
"factor_midas","Total","2018-01",0.123201602994118,88.1525639320085
"factor_midas","Total","2018-02",0.598270757026168,104.398358491748
"factor_midas","Total","2018-03",0.0998886179216238,85.9960176455346
"factor_midas","Total","2018-04",0.206563513983553,93.4654886866035
"factor_midas","Total","2018-05",0.377928153225773,99.6760250613874
"factor_midas","Total","2018-06",0.223557901826925,94.278307276761
"factor_midas","Total","2018-07",0.135902027454963,89.1612265907843
"factor_midas","Total","2018-08",0.422522562945404,100.822722312086
"factor_midas","Total","2018-09",0.117423993751726,87.6587732993754
"factor_midas","Total","2018-10",0.247762389577638,95.3351613081922
"factor_midas","Total","2018-11",0.0554582007729791,79.9465801845742
"factor_midas","Total","2018-12",0.0987084181672762,85.8738261741556
"factor_midas","Total","2019-01",0.304327334244574,97.4492213477622
"factor_midas","Total","2019-02",0.0788873570235244,83.5694130708038
"factor_midas","Total","2019-03",0.0963696751529933,85.6273086290883
"factor_midas","Total","2019-04",0.174858855916504,91.7524263424121
"factor_midas","Total","2019-05",0.0950114788762494,85.4813856516707
"factor_midas","Total","2019-06",0.15578752726526,90.5651481076868
"factor_midas","Total","2019-07",0.108853464114161,86.8796123025264
"factor_midas","Total","2019-08",0.476883253346166,102.066984697712
"factor_midas","Total","2019-09",0.20450324824098,93.362434049043
"factor_midas","Total","2019-10",0.041928677663522,77.0714817343186
"factor_midas","Total","2019-11",0.195252614233492,92.886543345997
"factor_midas","Total","2019-12",0.0458360784425156,77.9875082074198
"factor_midas","Total","2020-01",0.0913958786613672,85.0825216431074
"factor_midas","Total","2020-02",0.607292174087171,104.552225676024
"factor_midas","Total","2020-03",1.0292624200698,109.976200940453
"factor_midas","Total","2020-04",1.18714151037689,111.443318404537
"factor_midas","Total","2020-05",1.72290931217403,115.272532603692
"factor_midas","Total","2020-06",0.86175415367936,108.150062380568
"factor_midas","Total","2020-07",3.77887342458623,123.347120084143
"factor_midas","Total","2020-08",3.6869088181735,123.093828715756
"factor_midas","Total","2020-09",1.8966999081968,116.260520611244
"factor_midas","Total","2020-10",2.48144986674307,119.023229883143
"factor_midas","Total","2020-11",1.94389892563985,116.513222741133
"factor_midas","Total","2020-12",1.27391938537472,112.168621878942
"factor_midas","Total","2021-01",1.81333762388639,115.798440333874
"factor_midas","Total","2021-02",2.07383226219088,117.178410446664
"factor_midas","Total","2021-03",0.750657874366246,106.731118660334
"factor_midas","Total","2021-04",0.902152706130803,108.621060455284
"factor_midas","Total","2021-05",0.75103739429076,106.736315098962
"factor_midas","Total","2021-06",0.786566653016896,107.211510216488
"factor_midas","Total","2021-07",0.518937258729558,102.93582047978
"factor_midas","Total","2021-08",0.876088864734033,108.319668404993
"factor_midas","Total","2021-09",0.69111288439483,105.88145089281
"factor_midas","Total","2021-10",0.416601008379411,100.677621431269
"factor_midas","Total","2021-11",0.90743629690273,108.681095312693
"factor_midas","Total","2021-12",0.460430593885309,101.706033315317
"factor_midas","Total","2022-01",2.16384470104545,117.61522091091
"factor_midas","Total","2022-02",2.53608150235743,119.247114520743
"factor_midas","Total","2022-03",0.778266313782171,107.102445329627
"factor_midas","Total","2022-04",1.20140892929778,111.566138430917
"factor_midas","Total","2022-05",0.566859602837934,103.843901774084
"factor_midas","Total","2022-06",0.50216876752566,102.598132799036
"factor_midas","Total","2022-07",0.865075980094824,108.189615512334
"factor_midas","Total","2022-08",0.404127530410066,100.365103820744
"factor_midas","Total","2022-09",0.881856472073745,108.387128182147
"factor_midas","Total","2022-10",0.86892507251263,108.235257307752
"factor_midas","Total","2022-11",0.781107197470916,107.139904383655
"factor_midas","Total","2022-12",0.381477844390096,99.7721359813898
"factor_midas","Total","2023-01",1.02134670559875,109.896829837311
"factor_midas","Total","2023-02",0.435077691642006,101.123759620175
"factor_midas","Total","2023-03",0.383970876781493,99.8391038350269
"factor_midas","Total","2023-04",0.319211199092652,97.9401156026202
"factor_midas","Total","2023-05",0.298805241178248,97.2609621964655
"factor_midas","Total","2023-06",0.416369151756305,100.671898176242
"factor_midas","Total","2023-07",0.51588896396084,102.875252398451
"factor_midas","Total","2023-08",0.66256015757174,105.447689141327
"factor_midas","Total","2023-09",0.470486939761476,101.928159067187
"factor_midas","Total","2023-10",0.194663603307757,92.8554830631081
"factor_midas","Total","2023-11",0.253923403773931,95.5876810084885
"factor_midas","Total","2023-12",0.0898380608259871,84.9057791967785
"factor_midas","Total","2024-01",0.460005529687464,101.696537900814
"factor_midas","Total","2024-02",0.187781415531224,92.4854356101127
"factor_midas","Total","2024-03",0.294557096979784,97.1137513812343
"factor_midas","Total","2024-04",0.382070967760896,99.7881080564703
"factor_midas","Total","2024-05",0.39352670451184,100.091826480403
"factor_midas","Total","2024-06",0.301122126211214,97.3403695996714
"factor_midas","Total","2024-07",0.613157408280363,104.651040450278
"factor_midas","Total","2024-08",0.114617176990818,87.4100461336783
"factor_midas","Total","2024-09",0.19449664234367,92.8466616222605
"factor_midas","Total","2024-10",0.177289834119655,91.8943696468193
"factor_midas","Total","2024-11",0.26318630118582,95.9560335302426
"factor_midas","Total","2024-12",0.0943962599811302,85.4145994879294
"factor_midas","Total","2025-01",0.193597300142293,92.7990139256301
"factor_midas","Total","2025-02",0.480326139111993,102.140940211618
"factor_midas","Total","2025-03",0.0889170067874895,84.7998334280269
"factor_midas","Total","2025-04",0.183879574096653,92.2695659447925
"factor_midas","Total","2025-05",0.436276894698251,101.152057317963
"factor_midas","Total","2025-06",0.199702422402539,93.1182108044245
"factor_midas","Total","2025-07",0.183428607073444,92.2443214068148
"factor_midas","Total","2025-08",0.143915423388818,89.750224290436
"factor_midas","Total","2025-09",0.123507865418243,88.1780886613719
"sg_lasso","Expenditures","2013-01",1.98088895072715,115.61790049539
"sg_lasso","Expenditures","2013-02",0.637561695203816,105.022998486304
"sg_lasso","Expenditures","2013-03",0.451357996612345,101.795039283693
"sg_lasso","Expenditures","2013-04",2.36326234144849,117.267414663992
"sg_lasso","Expenditures","2013-05",1.89690519226988,115.213020384592
"sg_lasso","Expenditures","2013-06",1.46817106649035,112.818559707066
"sg_lasso","Expenditures","2013-07",0.991587434859288,109.150642058042
"sg_lasso","Expenditures","2013-08",1.14423707564086,110.488836767554
"sg_lasso","Expenditures","2013-09",0.186724994501201,93.5461845664218
"sg_lasso","Expenditures","2013-10",0.67336794001764,105.533662672273
"sg_lasso","Expenditures","2013-11",0.945091601952144,108.701805924566
"sg_lasso","Expenditures","2013-12",0.23474403843655,95.6850605423683
"sg_lasso","Expenditures","2014-01",0.282791578029259,97.4253893480641
"sg_lasso","Expenditures","2014-02",0.301173755381434,98.0139637396609
"sg_lasso","Expenditures","2014-03",0.147071108967683,91.3151408641879
"sg_lasso","Expenditures","2014-04",0.161980771414938,92.2175877680498
"sg_lasso","Expenditures","2014-05",0.119545846034486,89.3785325078118
"sg_lasso","Expenditures","2014-06",0.130879795533638,90.2250720370402
"sg_lasso","Expenditures","2014-07",0.138903057053194,90.7811205239504
"sg_lasso","Expenditures","2014-08",0.160612281197255,92.138294327302
"sg_lasso","Expenditures","2014-09",0.0403921068133183,79.2376919779371
"sg_lasso","Expenditures","2014-10",0.108160798494875,88.4431927338566
"sg_lasso","Expenditures","2014-11",0.143984892867974,91.1169361308569
"sg_lasso","Expenditures","2014-12",0.143091237612371,91.0587496215507
"sg_lasso","Expenditures","2015-01",0.251706028155138,96.3370830736271
"sg_lasso","Expenditures","2015-02",0.131783095062081,90.2893530552487
"sg_lasso","Expenditures","2015-03",0.219438844177347,95.0549445135255
"sg_lasso","Expenditures","2015-04",0.314100693098769,98.4067340593303
"sg_lasso","Expenditures","2015-05",0.200230935496638,94.1988457160269
"sg_lasso","Expenditures","2015-06",0.18235918229011,93.3250748374194
"sg_lasso","Expenditures","2015-07",0.142026775806705,90.9889656928955
"sg_lasso","Expenditures","2015-08",0.120754785921709,89.4725700844955
"sg_lasso","Expenditures","2015-09",0.140994612966356,90.9207979587657
"sg_lasso","Expenditures","2015-10",0.170646181621782,92.7046426910291
"sg_lasso","Expenditures","2015-11",0.39600187799421,100.572213272502
"sg_lasso","Expenditures","2015-12",0.206674801425822,94.4948765598809
"sg_lasso","Expenditures","2016-01",0.142051421105201,90.9905872944499
"sg_lasso","Expenditures","2016-02",0.244374962945719,96.0608382902454
"sg_lasso","Expenditures","2016-03",0.106546162451215,88.3026253129944
"sg_lasso","Expenditures","2016-04",0.18651788819426,93.5358128697936
"sg_lasso","Expenditures","2016-05",0.210573931404912,94.6695525846237
"sg_lasso","Expenditures","2016-06",0.177745855420105,93.0856017232094
"sg_lasso","Expenditures","2016-07",0.124056179104246,89.724651415968
"sg_lasso","Expenditures","2016-08",0.145852781371253,91.2373981384193
"sg_lasso","Expenditures","2016-09",0.179632407039279,93.1842734128159
"sg_lasso","Expenditures","2016-10",0.293221087563229,97.7638648883854
"sg_lasso","Expenditures","2016-11",0.691917927748331,105.787639871247
"sg_lasso","Expenditures","2016-12",0.497081430255344,102.696847106799
"sg_lasso","Expenditures","2017-01",0.1172231963756,89.1951657137111
"sg_lasso","Expenditures","2017-02",0.191570461270564,93.7856132723791
"sg_lasso","Expenditures","2017-03",0.157527623924093,91.9570558721015
"sg_lasso","Expenditures","2017-04",0.143157396532536,91.063069713235
"sg_lasso","Expenditures","2017-05",0.143789627965241,91.1042531923234
"sg_lasso","Expenditures","2017-06",0.101607860179822,87.8590959959249
"sg_lasso","Expenditures","2017-07",0.11633160962685,89.1238106369915
"sg_lasso","Expenditures","2017-08",0.105782856818592,88.2354300040062
"sg_lasso","Expenditures","2017-09",0.183164677930022,93.3662652494708
"sg_lasso","Expenditures","2017-10",0.222986516295101,95.2048304000461
"sg_lasso","Expenditures","2017-11",0.229139217033161,95.4592094539113
"sg_lasso","Expenditures","2017-12",0.0991954141498706,87.634523956395
"sg_lasso","Expenditures","2018-01",0.127870181096186,90.0076527338265
"sg_lasso","Expenditures","2018-02",0.256115036272768,96.4993720686489
"sg_lasso","Expenditures","2018-03",0.149551054443359,91.4714184252577
"sg_lasso","Expenditures","2018-04",0.104067668149621,88.0826524751218
"sg_lasso","Expenditures","2018-05",0.399552919707353,100.655646017049
"sg_lasso","Expenditures","2018-06",0.0577925223708882,82.5856027501508
"sg_lasso","Expenditures","2018-07",0.137503956024825,90.6865073312078
"sg_lasso","Expenditures","2018-08",0.129594983222274,90.1328731868662
"sg_lasso","Expenditures","2018-09",0.0255675712241053,74.9637533185537
"sg_lasso","Expenditures","2018-10",0.0604041906791529,82.9986800070919
"sg_lasso","Expenditures","2018-11",0.0284156416723298,75.9508129781134
"sg_lasso","Expenditures","2018-12",0.0981577812742659,87.5362470372319
"sg_lasso","Expenditures","2019-01",0.251294204037293,96.3217795422116
"sg_lasso","Expenditures","2019-02",0.0829168419192293,85.959250054396
"sg_lasso","Expenditures","2019-03",0.256320766614664,96.5068763114418
"sg_lasso","Expenditures","2019-04",0.203717213559017,94.3601682945293
"sg_lasso","Expenditures","2019-05",0.177974595975385,93.0976211115497
"sg_lasso","Expenditures","2019-06",0.135065264536621,90.5192675425504
"sg_lasso","Expenditures","2019-07",0.305876198294832,98.1587594713471
"sg_lasso","Expenditures","2019-08",0.265304275439915,96.8288189360571
"sg_lasso","Expenditures","2019-09",0.115749017864548,89.0768888727761
"sg_lasso","Expenditures","2019-10",0.239693188044562,95.8800519834155
"sg_lasso","Expenditures","2019-11",0.288610748513403,97.6157521385833
"sg_lasso","Expenditures","2019-12",0.18655873499571,93.5378593520802
"sg_lasso","Expenditures","2020-01",0.627233263301114,104.870357244814
"sg_lasso","Expenditures","2020-02",0.478075918747268,102.332506285272
"sg_lasso","Expenditures","2020-03",0.703338425067442,105.94063890141
"sg_lasso","Expenditures","2020-04",1.35399299136916,112.061926227805
"sg_lasso","Expenditures","2020-05",2.57882082631551,118.083205226658
"sg_lasso","Expenditures","2020-06",2.59552806663479,118.143558175036
"sg_lasso","Expenditures","2020-07",0.964562779290039,108.892396078335
"sg_lasso","Expenditures","2020-08",2.01595717389481,115.781904876206
"sg_lasso","Expenditures","2020-09",1.09131313927361,110.046251622534
"sg_lasso","Expenditures","2020-10",3.60968833606534,121.226107490316
"sg_lasso","Expenditures","2020-11",4.52577231600614,123.339824480972
"sg_lasso","Expenditures","2020-12",0.890219167651778,108.14279275326
"sg_lasso","Expenditures","2021-01",2.26714796241769,116.87937220778
"sg_lasso","Expenditures","2021-02",2.96436239302349,119.385357346723
"sg_lasso","Expenditures","2021-03",0.368079765274753,99.8888527055333
"sg_lasso","Expenditures","2021-04",1.39240494310135,112.323370542715
"sg_lasso","Expenditures","2021-05",1.17613523440283,110.745807269023
"sg_lasso","Expenditures","2021-06",0.828315133110937,107.469201149376
"sg_lasso","Expenditures","2021-07",0.960671039150643,108.854611992908
"sg_lasso","Expenditures","2021-08",0.375389541439384,100.07263471694
"sg_lasso","Expenditures","2021-09",1.05733306718974,109.750624983474
"sg_lasso","Expenditures","2021-10",0.347256069480657,99.3445775369193
"sg_lasso","Expenditures","2021-11",0.528116576069247,103.262860523356
"sg_lasso","Expenditures","2021-12",0.603500894233344,104.509879341579
"sg_lasso","Expenditures","2022-01",0.720516967818299,106.166161195075
"sg_lasso","Expenditures","2022-02",0.849814403062754,107.708681543953
"sg_lasso","Expenditures","2022-03",0.886181227754699,108.100304614351
"sg_lasso","Expenditures","2022-04",0.542089427152394,103.506916977961
"sg_lasso","Expenditures","2022-05",0.344503023437262,99.2701885126468
"sg_lasso","Expenditures","2022-06",2.55833178691609,118.008654925247
"sg_lasso","Expenditures","2022-07",0.422074470626224,101.168129841487
"sg_lasso","Expenditures","2022-08",0.213952558340219,94.8183147824199
"sg_lasso","Expenditures","2022-09",1.44711861939016,112.683577542201
"sg_lasso","Expenditures","2022-10",0.895416845883865,108.197201115312
"sg_lasso","Expenditures","2022-11",0.338396577978085,99.1030443669379
"sg_lasso","Expenditures","2022-12",0.454884009692655,101.867765315714
"sg_lasso","Expenditures","2023-01",1.14261847177723,110.475607070979
"sg_lasso","Expenditures","2023-02",0.0994138283062651,87.6550795240573
"sg_lasso","Expenditures","2023-03",0.603631437523706,104.511900720095
"sg_lasso","Expenditures","2023-04",0.96261938650285,108.873547181528
"sg_lasso","Expenditures","2023-05",0.28382942490677,97.4596258252811
"sg_lasso","Expenditures","2023-06",0.448290418996185,101.731305104829
"sg_lasso","Expenditures","2023-07",0.667448061609105,105.45113598822
"sg_lasso","Expenditures","2023-08",1.18252702726779,110.796460361881
"sg_lasso","Expenditures","2023-09",0.759915239632521,106.663713998279
"sg_lasso","Expenditures","2023-10",0.805347592832056,107.206399144979
"sg_lasso","Expenditures","2023-11",0.840408081482128,107.604658776879
"sg_lasso","Expenditures","2023-12",2.06431758243554,116.003453400111
"sg_lasso","Expenditures","2024-01",0.215947723363597,94.9050633240083
"sg_lasso","Expenditures","2024-02",0.794398430827533,107.078465552624
"sg_lasso","Expenditures","2024-03",0.206903347081926,94.5052056817576
"sg_lasso","Expenditures","2024-04",1.50993634672873,113.080710688119
"sg_lasso","Expenditures","2024-05",1.5125309344027,113.096756245948
"sg_lasso","Expenditures","2024-06",0.554323732746235,103.715496218429
"sg_lasso","Expenditures","2024-07",2.48871986420907,117.750832082402
"sg_lasso","Expenditures","2024-08",2.32462511305547,117.113355834601
"sg_lasso","Expenditures","2024-09",0.648319355885864,105.179376304152
"sg_lasso","Expenditures","2024-10",0.565169025551275,103.896580832196
"sg_lasso","Expenditures","2024-11",0.136453957111397,90.6148674102602
"sg_lasso","Expenditures","2024-12",0.309987596590558,98.2835435856068
"sg_lasso","Expenditures","2025-01",0.595508926661784,104.385288713391
"sg_lasso","Expenditures","2025-02",2.10095678106359,116.167876005499
"sg_lasso","Expenditures","2025-03",2.13835664508624,116.332780971836
"sg_lasso","Expenditures","2025-04",0.729404371195719,106.280734610831
"sg_lasso","Expenditures","2025-05",2.03524125472799,115.870879606243
"sg_lasso","Expenditures","2025-06",0.225455907254403,95.3077588715702
"sg_lasso","Expenditures","2025-07",0.768856237185166,106.773033168755
"sg_lasso","Expenditures","2025-08",0.343871921416699,99.2530519935729
"sg_lasso","Expenditures","2025-09",0.209161811093186,94.6066678320499
"sg_lasso","Revenues","2013-01",0.512926357495164,102.993528062419
"sg_lasso","Revenues","2013-02",0.799295202699407,108.105924519041
"sg_lasso","Revenues","2013-03",0.718099020169445,106.871350609714
"sg_lasso","Revenues","2013-04",0.654826926638832,105.808339702999
"sg_lasso","Revenues","2013-05",0.53622615932734,103.505504408633
"sg_lasso","Revenues","2013-06",0.875726092473346,109.15840766259
"sg_lasso","Revenues","2013-07",0.930309154471253,109.855240866722
"sg_lasso","Revenues","2013-08",0.880988248514969,109.227452109777
"sg_lasso","Revenues","2013-09",0.351581677375956,98.6407087763917
"sg_lasso","Revenues","2013-10",1.58250012416259,115.977745907195
"sg_lasso","Revenues","2013-11",0.606034185734536,104.915918710841
"sg_lasso","Revenues","2013-12",1.13146242407001,112.111220140187
"sg_lasso","Revenues","2014-01",0.527049877743404,103.306576200736
"sg_lasso","Revenues","2014-02",0.878614902812272,109.196362775908
"sg_lasso","Revenues","2014-03",0.565555814131837,104.11923643716
"sg_lasso","Revenues","2014-04",0.484814023746894,102.343908343728
"sg_lasso","Revenues","2014-05",1.06086957214237,111.368766310178
"sg_lasso","Revenues","2014-06",0.717624218041332,106.863727944869
"sg_lasso","Revenues","2014-07",0.302450205738336,96.905927726863
"sg_lasso","Revenues","2014-08",0.561254012658226,104.031239667355
"sg_lasso","Revenues","2014-09",0.547378501578194,103.74273759458
"sg_lasso","Revenues","2014-10",0.0892661205390382,82.8422279761766
"sg_lasso","Revenues","2014-11",0.0929927064836028,83.3135828316127
"sg_lasso","Revenues","2014-12",0.158730310464168,89.4757478289751
"sg_lasso","Revenues","2015-01",0.0576679744583496,77.8067946043257
"sg_lasso","Revenues","2015-02",0.314858746598406,97.3693122502682
"sg_lasso","Revenues","2015-03",0.415007669315881,100.55216043504
"sg_lasso","Revenues","2015-04",0.038816362239095,73.2445702611151
"sg_lasso","Revenues","2015-05",0.396673703995595,100.031434050396
"sg_lasso","Revenues","2015-06",1.33695582704007,114.034534709261
"sg_lasso","Revenues","2015-07",0.146553523064084,88.5558824526499
"sg_lasso","Revenues","2015-08",0.118536248752709,86.1106353965968
"sg_lasso","Revenues","2015-09",0.0727035244220021,80.4769602194002
"sg_lasso","Revenues","2015-10",0.375976706443292,99.4138542279581
"sg_lasso","Revenues","2015-11",0.21515452185799,92.9810263244764
"sg_lasso","Revenues","2015-12",0.823606745011853,108.451241234623
"sg_lasso","Revenues","2016-01",0.13843807268191,87.8993398910252
"sg_lasso","Revenues","2016-02",0.311806737548303,97.2570539769341
"sg_lasso","Revenues","2016-03",0.309243385416795,97.1619170834549
"sg_lasso","Revenues","2016-04",0.148874446029444,88.7369676430363
"sg_lasso","Revenues","2016-05",0.282237736816417,96.1087902970557
"sg_lasso","Revenues","2016-06",0.107093111100336,84.9406318774713
"sg_lasso","Revenues","2016-07",0.160621022213425,89.6122144840446
"sg_lasso","Revenues","2016-08",0.132258059762636,87.3730225436762
"sg_lasso","Revenues","2016-09",0.146108545747912,88.520836598369
"sg_lasso","Revenues","2016-10",0.355382578087911,98.7646335503842
"sg_lasso","Revenues","2016-11",0.257405189324538,95.0473721857027
"sg_lasso","Revenues","2016-12",0.201002889016436,92.1969085695855
"sg_lasso","Revenues","2017-01",0.133913898653822,87.5164149864993
"sg_lasso","Revenues","2017-02",0.0668151186025182,79.5035667301937
"sg_lasso","Revenues","2017-03",0.380253610267887,99.5442143964058
"sg_lasso","Revenues","2017-04",0.190902529046324,91.6027304571457
"sg_lasso","Revenues","2017-05",0.291657889465577,96.4871709449497
"sg_lasso","Revenues","2017-06",0.324869102023111,97.7300192524828
"sg_lasso","Revenues","2017-07",0.194581748687772,91.822732703609
"sg_lasso","Revenues","2017-08",0.405158673866198,100.275354273706
"sg_lasso","Revenues","2017-09",0.480197879605342,102.233649131366
"sg_lasso","Revenues","2017-10",0.1187302680866,86.1294837550934
"sg_lasso","Revenues","2017-11",0.624752649601494,105.26649757745
"sg_lasso","Revenues","2017-12",0.0715965045170917,80.3001275861864
"sg_lasso","Revenues","2018-01",0.239994057289,94.2402036149841
"sg_lasso","Revenues","2018-02",0.712346028318197,106.778648460307
"sg_lasso","Revenues","2018-03",0.685385040231889,106.333985516056
"sg_lasso","Revenues","2018-04",0.153621991679487,89.0987517037551
"sg_lasso","Revenues","2018-05",0.346250794216872,98.4646241986808
"sg_lasso","Revenues","2018-06",0.509058712999617,102.906297443895
"sg_lasso","Revenues","2018-07",0.334668536379913,98.0725174315813
"sg_lasso","Revenues","2018-08",0.265238831111469,95.3928778167324
"sg_lasso","Revenues","2018-09",0.276826565091465,95.8856859669976
"sg_lasso","Revenues","2018-10",0.320833175458937,97.5859466254754
"sg_lasso","Revenues","2018-11",0.259957061006445,95.1610648646278
"sg_lasso","Revenues","2018-12",0.19196637399983,91.6667767863948
"sg_lasso","Revenues","2019-01",0.128682909587491,87.0571993091989
"sg_lasso","Revenues","2019-02",0.30329037867482,96.9378980610834
"sg_lasso","Revenues","2019-03",0.27006401756074,95.6006518115105
"sg_lasso","Revenues","2019-04",0.0904093657749665,82.9888912295154
"sg_lasso","Revenues","2019-05",0.297053779274023,96.6984407697884
"sg_lasso","Revenues","2019-06",0.20501079912948,92.4244478009377
"sg_lasso","Revenues","2019-07",0.281322325529455,96.0713498247579
"sg_lasso","Revenues","2019-08",0.21770288866121,93.1167285536463
"sg_lasso","Revenues","2019-09",0.227409673148854,93.6194637349003
"sg_lasso","Revenues","2019-10",0.362569042512455,98.9953611177348
"sg_lasso","Revenues","2019-11",0.435742653321979,101.114051958065
"sg_lasso","Revenues","2019-12",0.166216124094314,90.0068388535868
"sg_lasso","Revenues","2020-01",0.17361149820385,90.5085282559884
"sg_lasso","Revenues","2020-02",0.0678155969791292,79.6748584734841
"sg_lasso","Revenues","2020-03",0.138066342808662,87.868352105853
"sg_lasso","Revenues","2020-04",0.399631774296626,100.117058080964
"sg_lasso","Revenues","2020-05",0.778715493067478,107.805303871344
"sg_lasso","Revenues","2020-06",0.3462033590117,98.4630452259061
"sg_lasso","Revenues","2020-07",3.48831203014472,125.087117435635
"sg_lasso","Revenues","2020-08",3.47808917420694,125.053293125153
"sg_lasso","Revenues","2020-09",3.80366848812194,126.084569619665
"sg_lasso","Revenues","2020-10",2.76857818866727,122.423910716975
"sg_lasso","Revenues","2020-11",3.3674356713908,124.680677444797
"sg_lasso","Revenues","2020-12",1.61121818647102,116.185015270339
"sg_lasso","Revenues","2021-01",1.4191450676106,114.72209933404
"sg_lasso","Revenues","2021-02",1.35552872121079,114.193535079334
"sg_lasso","Revenues","2021-03",0.515875066243658,103.059592294789
"sg_lasso","Revenues","2021-04",1.25982209555514,113.349674097707
"sg_lasso","Revenues","2021-05",0.582754116711025,104.464478595158
"sg_lasso","Revenues","2021-06",0.426087920651226,100.855825102367
"sg_lasso","Revenues","2021-07",0.98551879811966,110.519662225232
"sg_lasso","Revenues","2021-08",0.879778933481376,109.211621324175
"sg_lasso","Revenues","2021-09",0.258025770509934,95.0751241159556
"sg_lasso","Revenues","2021-10",0.559340441464708,103.991879090009
"sg_lasso","Revenues","2021-11",0.513897774019002,103.015333983289
"sg_lasso","Revenues","2021-12",0.280143041455156,96.0229369377513
"sg_lasso","Revenues","2022-01",0.786140876617403,107.914677482486
"sg_lasso","Revenues","2022-02",0.660247484001658,105.903347874364
"sg_lasso","Revenues","2022-03",0.31795544835418,97.4821076835205
"sg_lasso","Revenues","2022-04",0.511541469186735,102.96236920158
"sg_lasso","Revenues","2022-05",0.462399563279548,101.798368675115
"sg_lasso","Revenues","2022-06",0.53421911983998,103.462287187636
"sg_lasso","Revenues","2022-07",0.172207934373619,90.4149769098821
"sg_lasso","Revenues","2022-08",0.777480553558407,107.78701249646
"sg_lasso","Revenues","2022-09",3.0199740808094,123.425584648889
"sg_lasso","Revenues","2022-10",0.473352658607566,102.068180337675
"sg_lasso","Revenues","2022-11",0.857696784547267,108.918659616782
"sg_lasso","Revenues","2022-12",0.29346546759648,96.5583768330333
"sg_lasso","Revenues","2023-01",0.620708908224679,105.191660046135
"sg_lasso","Revenues","2023-02",0.795873825856387,108.056486649078
"sg_lasso","Revenues","2023-03",0.404398212930745,100.253702446739
"sg_lasso","Revenues","2023-04",0.375077685223182,99.3862634692966
"sg_lasso","Revenues","2023-05",0.849823796184332,108.812382045192
"sg_lasso","Revenues","2023-06",0.439533353868644,101.213877586169
"sg_lasso","Revenues","2023-07",0.963258604423967,110.256362457705
"sg_lasso","Revenues","2023-08",0.770914518840629,107.689268772894
"sg_lasso","Revenues","2023-09",0.279213255038725,95.9846227213236
"sg_lasso","Revenues","2023-10",0.801908085809501,108.143537588488
"sg_lasso","Revenues","2023-11",0.811984754671334,108.287454827219
"sg_lasso","Revenues","2023-12",0.204875896903638,92.4168616725064
"sg_lasso","Revenues","2024-01",0.229084540015109,93.7040328615181
"sg_lasso","Revenues","2024-02",0.278449809843713,95.9530675067078
"sg_lasso","Revenues","2024-03",0.317251867999977,97.4565769511895
"sg_lasso","Revenues","2024-04",0.453894721383761,101.584420482916
"sg_lasso","Revenues","2024-05",1.31801093070873,113.870057624912
"sg_lasso","Revenues","2024-06",0.883689245801456,109.262731739813
"sg_lasso","Revenues","2024-07",0.958284562488699,110.196696701482
"sg_lasso","Revenues","2024-08",0.936789204689285,109.935238621854
"sg_lasso","Revenues","2024-09",0.52463025553928,103.253545234552
"sg_lasso","Revenues","2024-10",0.763768232815808,107.581936629154
"sg_lasso","Revenues","2024-11",0.698912591892102,106.55923740007
"sg_lasso","Revenues","2024-12",0.110113744211186,85.261197784489
"sg_lasso","Revenues","2025-01",0.586988177662197,104.54791079438
"sg_lasso","Revenues","2025-02",0.495530650526504,102.59588568798
"sg_lasso","Revenues","2025-03",0.134945689560169,87.6048721850302
"sg_lasso","Revenues","2025-04",0.251573313419746,94.7832573948188
"sg_lasso","Revenues","2025-05",0.430621084137278,100.977790598176
"sg_lasso","Revenues","2025-06",0.175271068496449,90.6181721727244
"sg_lasso","Revenues","2025-07",0.443228194550688,101.310353683566
"sg_lasso","Revenues","2025-08",0.306413523152319,97.055968664192
"sg_lasso","Revenues","2025-09",0.307719507230453,97.1049850135938
"sg_lasso","Total","2013-01",1.54082783454207,115.01533142769
"sg_lasso","Total","2013-02",0.706605482327114,106.103016628716
"sg_lasso","Total","2013-03",0.644913713226838,105.058647234908
"sg_lasso","Total","2013-04",1.83685521139357,117.024312704995
"sg_lasso","Total","2013-05",1.83575619833218,117.017470830302
"sg_lasso","Total","2013-06",1.2210442914697,112.356126035772
"sg_lasso","Total","2013-07",0.923127559747782,109.158697235421
"sg_lasso","Total","2013-08",1.36130038081226,113.599158129639
"sg_lasso","Total","2013-09",0.3533028706635,98.1790531741629
"sg_lasso","Total","2013-10",1.07189856009337,110.866838892109
"sg_lasso","Total","2013-11",1.04809921636499,110.610157107977
"sg_lasso","Total","2013-12",0.776691333845717,107.184134454589
"sg_lasso","Total","2014-01",0.436040757874212,100.584433159259
"sg_lasso","Total","2014-02",0.784477272649155,107.29816258541
"sg_lasso","Total","2014-03",0.440143903156702,100.691504108163
"sg_lasso","Total","2014-04",0.351708805715469,98.1273570872757
"sg_lasso","Total","2014-05",0.741017726661767,106.646625472344
"sg_lasso","Total","2014-06",0.492412255237885,101.974326200817
"sg_lasso","Total","2014-07",0.26172783649907,94.7492580845049
"sg_lasso","Total","2014-08",0.491994720386633,101.964628577672
"sg_lasso","Total","2014-09",0.409977073802031,99.8798358714815
"sg_lasso","Total","2014-10",0.0987789196292754,83.6098055583951
"sg_lasso","Total","2014-11",0.0771560306059841,80.7855112089303
"sg_lasso","Total","2014-12",0.195781752345386,91.4305335037585
"sg_lasso","Total","2015-01",0.179683437804836,90.4496344983439
"sg_lasso","Total","2015-02",0.322517426587821,97.1368267392947
"sg_lasso","Total","2015-03",0.387617817700281,99.2387207509396
"sg_lasso","Total","2015-04",0.203544017433348,91.8750246037421
"sg_lasso","Total","2015-05",0.196889193327946,91.4950157566479
"sg_lasso","Total","2015-06",0.956018602956625,109.558926343665
"sg_lasso","Total","2015-07",0.156227312977961,88.8504927566098
"sg_lasso","Total","2015-08",0.158000167948861,88.9794901343182
"sg_lasso","Total","2015-09",0.149907938693044,88.3784626904439
"sg_lasso","Total","2015-10",0.29772065600943,96.2222598594166
"sg_lasso","Total","2015-11",0.236998251275871,93.6146175604543
"sg_lasso","Total","2015-12",0.480893366793037,101.703725544281
"sg_lasso","Total","2016-01",0.169127058099979,89.7574763590665
"sg_lasso","Total","2016-02",0.345398286743454,97.9203788580865
"sg_lasso","Total","2016-03",0.241984477149073,93.8526384156612
"sg_lasso","Total","2016-04",0.133574048825912,87.0596209511882
"sg_lasso","Total","2016-05",0.157875550607255,88.9704700729914
"sg_lasso","Total","2016-06",0.187149079157118,90.9150131917599
"sg_lasso","Total","2016-07",0.176373175883213,90.2370639746437
"sg_lasso","Total","2016-08",0.180487822656825,90.5006970811271
"sg_lasso","Total","2016-09",0.107417219259416,84.5682109097132
"sg_lasso","Total","2016-10",0.369666787829454,98.6966464319733
"sg_lasso","Total","2016-11",0.461822199675298,101.241128261195
"sg_lasso","Total","2016-12",0.517319319200258,102.538420790522
"sg_lasso","Total","2017-01",0.162955914266196,89.3325474395971
"sg_lasso","Total","2017-02",0.149699587662144,88.3625629427453
"sg_lasso","Total","2017-03",0.211455570469212,92.3109517631483
"sg_lasso","Total","2017-04",0.126061629181013,86.3978862060645
"sg_lasso","Total","2017-05",0.259193954825321,94.6380428047499
"sg_lasso","Total","2017-06",0.242055393369557,93.8559881601155
"sg_lasso","Total","2017-07",0.191754446232953,91.1929232220489
"sg_lasso","Total","2017-08",0.239339131986655,93.7269784945066
"sg_lasso","Total","2017-09",0.389982863015576,99.3082602249902
"sg_lasso","Total","2017-10",0.134335759314008,87.1246263939274
"sg_lasso","Total","2017-11",0.440671409945757,100.705196851802
"sg_lasso","Total","2017-12",0.130990701197081,86.8363604459683
"sg_lasso","Total","2018-01",0.179540556060985,90.4405404207362
"sg_lasso","Total","2018-02",0.377700531345985,98.9424271540508
"sg_lasso","Total","2018-03",0.454198100234058,101.050827418762
"sg_lasso","Total","2018-04",0.0818511292506995,81.4608186484554
"sg_lasso","Total","2018-05",0.247207613830625,94.09676534919
"sg_lasso","Total","2018-06",0.301373222631414,96.3616576445311
"sg_lasso","Total","2018-07",0.275106144011222,95.319157660786
"sg_lasso","Total","2018-08",0.234365464878124,93.486911584332
"sg_lasso","Total","2018-09",0.126752268193042,86.4603457014761
"sg_lasso","Total","2018-10",0.309566225099121,96.6682901436454
"sg_lasso","Total","2018-11",0.231813996209095,93.3617737401217
"sg_lasso","Total","2018-12",0.180525064288972,90.5030556753515
"sg_lasso","Total","2019-01",0.177498789081408,90.3097903112978
"sg_lasso","Total","2019-02",0.238829680772198,93.7026189733299
"sg_lasso","Total","2019-03",0.319360298359284,97.0243686637918
"sg_lasso","Total","2019-04",0.14264284761432,87.8105568656012
"sg_lasso","Total","2019-05",0.322057966561308,97.1205292271681
"sg_lasso","Total","2019-06",0.226656614729772,93.1045664328279
"sg_lasso","Total","2019-07",0.394802487752809,99.44867571676
"sg_lasso","Total","2019-08",0.304818136323103,96.4915909562201
"sg_lasso","Total","2019-09",0.156817543761687,88.8936012680357
"sg_lasso","Total","2019-10",0.0656900196389233,78.946320861338
"sg_lasso","Total","2019-11",0.393315560088632,99.4055390769504
"sg_lasso","Total","2019-12",0.111119947855524,84.9556338765725
"sg_lasso","Total","2020-01",0.0890534510762813,82.4249214537675
"sg_lasso","Total","2020-02",0.142053196470436,87.7632023321726
"sg_lasso","Total","2020-03",0.284948552576745,95.7210066586223
"sg_lasso","Total","2020-04",0.561977633882657,103.484999297321
"sg_lasso","Total","2020-05",1.31849493661807,113.233915422447
"sg_lasso","Total","2020-06",0.705768710523219,106.089470832331
"sg_lasso","Total","2020-07",2.96827552201782,122.510765688617
"sg_lasso","Total","2020-08",3.41632951722312,124.117921624159
"sg_lasso","Total","2020-09",2.25373026861461,119.362492903624
"sg_lasso","Total","2020-10",3.63144391291581,124.81599277142
"sg_lasso","Total","2020-11",4.8150909024503,128.041203993769
"sg_lasso","Total","2020-12",0.725334725848149,106.402082839603
"sg_lasso","Total","2021-01",1.35290339973892,113.528423947407
"sg_lasso","Total","2021-02",2.54029475556253,120.730811914021
"sg_lasso","Total","2021-03",0.410679019541937,99.8993923060055
"sg_lasso","Total","2021-04",1.57332906133024,115.253959900616
"sg_lasso","Total","2021-05",0.862032427925788,108.375905312415
"sg_lasso","Total","2021-06",0.529721920311752,102.80926311388
"sg_lasso","Total","2021-07",1.11040932488021,111.270352733913
"sg_lasso","Total","2021-08",0.714525437679627,106.230437440934
"sg_lasso","Total","2021-09",0.788327648310595,107.354135296122
"sg_lasso","Total","2021-10",0.241904392003129,93.8488543943703
"sg_lasso","Total","2021-11",0.567354660476905,103.593859953307
"sg_lasso","Total","2021-12",0.498765658788434,102.120883685052
"sg_lasso","Total","2022-01",0.514184438320156,102.468934553405
"sg_lasso","Total","2022-02",0.961775752854748,109.627562670546
"sg_lasso","Total","2022-03",0.818116501689029,107.77815415144
"sg_lasso","Total","2022-04",0.435448629736512,100.56889853007
"sg_lasso","Total","2022-05",0.427888843106937,100.368687834363
"sg_lasso","Total","2022-06",0.881773032710244,108.634743411456
"sg_lasso","Total","2022-07",0.364324942260254,98.5302457668596
"sg_lasso","Total","2022-08",0.35216605482292,98.1422097630714
"sg_lasso","Total","2022-09",2.51457996184805,120.614500155197
"sg_lasso","Total","2022-10",0.38181476514078,99.0662794090833
"sg_lasso","Total","2022-11",0.116988116411517,85.5439422113363
"sg_lasso","Total","2022-12",0.144561133018073,87.9632700220737
"sg_lasso","Total","2023-01",0.435877986865454,100.58016492474
"sg_lasso","Total","2023-02",0.573585131088152,103.71871602597
"sg_lasso","Total","2023-03",0.591425194339226,104.068860916675
"sg_lasso","Total","2023-04",0.248965235719365,94.1777572331247
"sg_lasso","Total","2023-05",0.748788902614389,106.765889097729
"sg_lasso","Total","2023-06",0.414488629323654,100.00494968889
"sg_lasso","Total","2023-07",0.882389839278128,108.642737290223
"sg_lasso","Total","2023-08",1.20138627388855,112.170582792735
"sg_lasso","Total","2023-09",0.376438937597455,98.9041785586862
"sg_lasso","Total","2023-10",0.94883897291169,109.472749845645
"sg_lasso","Total","2023-11",0.575144098006779,103.749744950466
"sg_lasso","Total","2023-12",0.708078475756032,106.126822756791
"sg_lasso","Total","2024-01",0.114933296406752,85.3413645609281
"sg_lasso","Total","2024-02",0.756615348823526,106.88475645505
"sg_lasso","Total","2024-03",0.279825950975472,95.5136229500534
"sg_lasso","Total","2024-04",0.83640297673629,108.030864499762
"sg_lasso","Total","2024-05",1.35764226370374,113.568396803909
"sg_lasso","Total","2024-06",0.389978018146394,99.3081182027162
"sg_lasso","Total","2024-07",1.10137752080558,111.176988426643
"sg_lasso","Total","2024-08",1.12043421900201,111.373097766251
"sg_lasso","Total","2024-09",0.559898352113457,103.442623662312
"sg_lasso","Total","2024-10",0.619269936857409,104.594796106324
"sg_lasso","Total","2024-11",0.530530675135843,102.826703450068
"sg_lasso","Total","2024-12",0.227800783814202,93.1621296656657
"sg_lasso","Total","2025-01",0.656013570033598,105.253731445981
"sg_lasso","Total","2025-02",1.50160285328836,114.720541022203
"sg_lasso","Total","2025-03",1.19929661253187,112.15068117167
"sg_lasso","Total","2025-04",0.221927438546988,92.86351762854
"sg_lasso","Total","2025-05",1.21916202062084,112.338489922302
"sg_lasso","Total","2025-06",0.160586683639966,89.1651183712202
"sg_lasso","Total","2025-07",0.851709986933088,108.238187744727
"sg_lasso","Total","2025-08",0.326059641379168,97.2616986765708
"sg_lasso","Total","2025-09",0.23006422920861,93.275156959257
