"model","country","block","publication_date","nowcast_value","nb_factors","lambda","gamma","cv_mse","df","n_selected","n_selected_groups","date_new","last_obs_y","target_name","selected_columns","status","error"
"rw","Germany","Expenditures","2013-01-01",-934,NA,NA,NA,NA,NA,NA,NA,2013-01-01,-934,"Total expenditures accrual",NA,"OK",NA
"rw","Germany","Expenditures","2013-01-02",-934,NA,NA,NA,NA,NA,NA,NA,2013-01-01,-934,"Total expenditures accrual",NA,"OK",NA
"rw","Germany","Expenditures","2013-01-15",-934,NA,NA,NA,NA,NA,NA,NA,2013-01-01,-934,"Total expenditures accrual",NA,"OK",NA
"rw","Germany","Expenditures","2013-01-27",-934,NA,NA,NA,NA,NA,NA,NA,2013-01-01,-934,"Total expenditures accrual",NA,"OK",NA
"rw","Germany","Expenditures","2013-02-01",-934,NA,NA,NA,NA,NA,NA,NA,2013-02-01,-934,"Total expenditures accrual",NA,"OK",NA
"rw","Germany","Expenditures","2013-02-05",-934,NA,NA,NA,NA,NA,NA,NA,2013-02-01,-934,"Total expenditures accrual",NA,"OK",NA
"rw","Germany","Expenditures","2013-02-15",-934,NA,NA,NA,NA,NA,NA,NA,2013-02-01,-934,"Total expenditures accrual",NA,"OK",NA
"rw","Germany","Expenditures","2013-02-27",-934,NA,NA,NA,NA,NA,NA,NA,2013-02-01,-934,"Total expenditures accrual",NA,"OK",NA
"rw","Germany","Expenditures","2013-03-01",-934,NA,NA,NA,NA,NA,NA,NA,2013-03-01,-934,"Total expenditures accrual",NA,"OK",NA
"rw","Germany","Expenditures","2013-03-05",-934,NA,NA,NA,NA,NA,NA,NA,2013-03-01,-934,"Total expenditures accrual",NA,"OK",NA
"rw","Germany","Expenditures","2013-03-15",4465,NA,NA,NA,NA,NA,NA,NA,2013-03-01,4465,"Total expenditures accrual",NA,"OK",NA
"rw","Germany","Expenditures","2013-03-27",4465,NA,NA,NA,NA,NA,NA,NA,2013-03-01,4465,"Total expenditures accrual",NA,"OK",NA
"rw","Germany","Expenditures","2013-04-01",4465,NA,NA,NA,NA,NA,NA,NA,2013-04-01,4465,"Total expenditures accrual",NA,"OK",NA
"rw","Germany","Expenditures","2013-04-15",4465,NA,NA,NA,NA,NA,NA,NA,2013-04-01,4465,"Total expenditures accrual",NA,"OK",NA
"rw","Germany","Expenditures","2013-04-27",4465,NA,NA,NA,NA,NA,NA,NA,2013-04-01,4465,"Total expenditures accrual",NA,"OK",NA
"rw","Germany","Expenditures","2013-05-01",4465,NA,NA,NA,NA,NA,NA,NA,2013-05-01,4465,"Total expenditures accrual",NA,"OK",NA
"rw","Germany","Expenditures","2013-05-03",4465,NA,NA,NA,NA,NA,NA,NA,2013-05-01,4465,"Total expenditures accrual",NA,"OK",NA
"rw","Germany","Expenditures","2013-05-15",4465,NA,NA,NA,NA,NA,NA,NA,2013-05-01,4465,"Total expenditures accrual",NA,"OK",NA
"rw","Germany","Expenditures","2013-05-27",4465,NA,NA,NA,NA,NA,NA,NA,2013-05-01,4465,"Total expenditures accrual",NA,"OK",NA
"rw","Germany","Expenditures","2013-06-01",4465,NA,NA,NA,NA,NA,NA,NA,2013-06-01,4465,"Total expenditures accrual",NA,"OK",NA
"rw","Germany","Expenditures","2013-06-06",4465,NA,NA,NA,NA,NA,NA,NA,2013-06-01,4465,"Total expenditures accrual",NA,"OK",NA
"rw","Germany","Expenditures","2013-06-15",3032,NA,NA,NA,NA,NA,NA,NA,2013-06-01,3032,"Total expenditures accrual",NA,"OK",NA
"rw","Germany","Expenditures","2013-06-27",3032,NA,NA,NA,NA,NA,NA,NA,2013-06-01,3032,"Total expenditures accrual",NA,"OK",NA
"rw","Germany","Expenditures","2013-07-01",3032,NA,NA,NA,NA,NA,NA,NA,2013-07-01,3032,"Total expenditures accrual",NA,"OK",NA
"rw","Germany","Expenditures","2013-07-15",3032,NA,NA,NA,NA,NA,NA,NA,2013-07-01,3032,"Total expenditures accrual",NA,"OK",NA
"rw","Germany","Expenditures","2013-07-27",3032,NA,NA,NA,NA,NA,NA,NA,2013-07-01,3032,"Total expenditures accrual",NA,"OK",NA
"rw","Germany","Expenditures","2013-08-01",3032,NA,NA,NA,NA,NA,NA,NA,2013-08-01,3032,"Total expenditures accrual",NA,"OK",NA
"rw","Germany","Expenditures","2013-08-04",3032,NA,NA,NA,NA,NA,NA,NA,2013-08-01,3032,"Total expenditures accrual",NA,"OK",NA
"rw","Germany","Expenditures","2013-08-15",3032,NA,NA,NA,NA,NA,NA,NA,2013-08-01,3032,"Total expenditures accrual",NA,"OK",NA
"rw","Germany","Expenditures","2013-08-27",3032,NA,NA,NA,NA,NA,NA,NA,2013-08-01,3032,"Total expenditures accrual",NA,"OK",NA
"rw","Germany","Expenditures","2013-09-01",3032,NA,NA,NA,NA,NA,NA,NA,2013-09-01,3032,"Total expenditures accrual",NA,"OK",NA
"rw","Germany","Expenditures","2013-09-07",3032,NA,NA,NA,NA,NA,NA,NA,2013-09-01,3032,"Total expenditures accrual",NA,"OK",NA
"rw","Germany","Expenditures","2013-09-15",1170,NA,NA,NA,NA,NA,NA,NA,2013-09-01,1170,"Total expenditures accrual",NA,"OK",NA
"rw","Germany","Expenditures","2013-09-27",1170,NA,NA,NA,NA,NA,NA,NA,2013-09-01,1170,"Total expenditures accrual",NA,"OK",NA
"rw","Germany","Expenditures","2013-10-01",1170,NA,NA,NA,NA,NA,NA,NA,2013-10-01,1170,"Total expenditures accrual",NA,"OK",NA
"rw","Germany","Expenditures","2013-10-02",1170,NA,NA,NA,NA,NA,NA,NA,2013-10-01,1170,"Total expenditures accrual",NA,"OK",NA
"rw","Germany","Expenditures","2013-10-15",1170,NA,NA,NA,NA,NA,NA,NA,2013-10-01,1170,"Total expenditures accrual",NA,"OK",NA
"rw","Germany","Expenditures","2013-10-27",1170,NA,NA,NA,NA,NA,NA,NA,2013-10-01,1170,"Total expenditures accrual",NA,"OK",NA
"rw","Germany","Expenditures","2013-11-01",1170,NA,NA,NA,NA,NA,NA,NA,2013-11-01,1170,"Total expenditures accrual",NA,"OK",NA
"rw","Germany","Expenditures","2013-11-05",1170,NA,NA,NA,NA,NA,NA,NA,2013-11-01,1170,"Total expenditures accrual",NA,"OK",NA
"rw","Germany","Expenditures","2013-11-15",1170,NA,NA,NA,NA,NA,NA,NA,2013-11-01,1170,"Total expenditures accrual",NA,"OK",NA
"rw","Germany","Expenditures","2013-11-27",1170,NA,NA,NA,NA,NA,NA,NA,2013-11-01,1170,"Total expenditures accrual",NA,"OK",NA
"rw","Germany","Expenditures","2013-12-01",1170,NA,NA,NA,NA,NA,NA,NA,2013-12-01,1170,"Total expenditures accrual",NA,"OK",NA
"rw","Germany","Expenditures","2013-12-07",1170,NA,NA,NA,NA,NA,NA,NA,2013-12-01,1170,"Total expenditures accrual",NA,"OK",NA
"rw","Germany","Expenditures","2013-12-15",-2128,NA,NA,NA,NA,NA,NA,NA,2013-12-01,-2128,"Total expenditures accrual",NA,"OK",NA
"rw","Germany","Expenditures","2013-12-27",-2128,NA,NA,NA,NA,NA,NA,NA,2013-12-01,-2128,"Total expenditures accrual",NA,"OK",NA
"rw","Germany","Expenditures","2014-01-01",-2128,NA,NA,NA,NA,NA,NA,NA,2014-01-01,-2128,"Total expenditures accrual",NA,"OK",NA
"rw","Germany","Expenditures","2014-01-03",-2128,NA,NA,NA,NA,NA,NA,NA,2014-01-01,-2128,"Total expenditures accrual",NA,"OK",NA
"rw","Germany","Expenditures","2014-01-15",-2128,NA,NA,NA,NA,NA,NA,NA,2014-01-01,-2128,"Total expenditures accrual",NA,"OK",NA
"rw","Germany","Expenditures","2014-01-27",-2128,NA,NA,NA,NA,NA,NA,NA,2014-01-01,-2128,"Total expenditures accrual",NA,"OK",NA
"rw","Germany","Expenditures","2014-02-01",-2128,NA,NA,NA,NA,NA,NA,NA,2014-02-01,-2128,"Total expenditures accrual",NA,"OK",NA
"rw","Germany","Expenditures","2014-02-06",-2128,NA,NA,NA,NA,NA,NA,NA,2014-02-01,-2128,"Total expenditures accrual",NA,"OK",NA
"rw","Germany","Expenditures","2014-02-15",-2128,NA,NA,NA,NA,NA,NA,NA,2014-02-01,-2128,"Total expenditures accrual",NA,"OK",NA
"rw","Germany","Expenditures","2014-02-27",-2128,NA,NA,NA,NA,NA,NA,NA,2014-02-01,-2128,"Total expenditures accrual",NA,"OK",NA
"rw","Germany","Expenditures","2014-03-01",-2128,NA,NA,NA,NA,NA,NA,NA,2014-03-01,-2128,"Total expenditures accrual",NA,"OK",NA
"rw","Germany","Expenditures","2014-03-06",-2128,NA,NA,NA,NA,NA,NA,NA,2014-03-01,-2128,"Total expenditures accrual",NA,"OK",NA
"rw","Germany","Expenditures","2014-03-15",4474,NA,NA,NA,NA,NA,NA,NA,2014-03-01,4474,"Total expenditures accrual",NA,"OK",NA
"rw","Germany","Expenditures","2014-03-27",4474,NA,NA,NA,NA,NA,NA,NA,2014-03-01,4474,"Total expenditures accrual",NA,"OK",NA
"rw","Germany","Expenditures","2014-04-01",4474,NA,NA,NA,NA,NA,NA,NA,2014-04-01,4474,"Total expenditures accrual",NA,"OK",NA
"rw","Germany","Expenditures","2014-04-02",4474,NA,NA,NA,NA,NA,NA,NA,2014-04-01,4474,"Total expenditures accrual",NA,"OK",NA
"rw","Germany","Expenditures","2014-04-15",4474,NA,NA,NA,NA,NA,NA,NA,2014-04-01,4474,"Total expenditures accrual",NA,"OK",NA
"rw","Germany","Expenditures","2014-04-27",4474,NA,NA,NA,NA,NA,NA,NA,2014-04-01,4474,"Total expenditures accrual",NA,"OK",NA
"rw","Germany","Expenditures","2014-05-01",4474,NA,NA,NA,NA,NA,NA,NA,2014-05-01,4474,"Total expenditures accrual",NA,"OK",NA
"rw","Germany","Expenditures","2014-05-04",4474,NA,NA,NA,NA,NA,NA,NA,2014-05-01,4474,"Total expenditures accrual",NA,"OK",NA
"rw","Germany","Expenditures","2014-05-15",4474,NA,NA,NA,NA,NA,NA,NA,2014-05-01,4474,"Total expenditures accrual",NA,"OK",NA
"rw","Germany","Expenditures","2014-05-27",4474,NA,NA,NA,NA,NA,NA,NA,2014-05-01,4474,"Total expenditures accrual",NA,"OK",NA
"rw","Germany","Expenditures","2014-06-01",4474,NA,NA,NA,NA,NA,NA,NA,2014-06-01,4474,"Total expenditures accrual",NA,"OK",NA
"rw","Germany","Expenditures","2014-06-07",4474,NA,NA,NA,NA,NA,NA,NA,2014-06-01,4474,"Total expenditures accrual",NA,"OK",NA
"rw","Germany","Expenditures","2014-06-15",2245,NA,NA,NA,NA,NA,NA,NA,2014-06-01,2245,"Total expenditures accrual",NA,"OK",NA
"rw","Germany","Expenditures","2014-06-27",2245,NA,NA,NA,NA,NA,NA,NA,2014-06-01,2245,"Total expenditures accrual",NA,"OK",NA
"rw","Germany","Expenditures","2014-07-01",2245,NA,NA,NA,NA,NA,NA,NA,2014-07-01,2245,"Total expenditures accrual",NA,"OK",NA
"rw","Germany","Expenditures","2014-07-02",2245,NA,NA,NA,NA,NA,NA,NA,2014-07-01,2245,"Total expenditures accrual",NA,"OK",NA
"rw","Germany","Expenditures","2014-07-15",2245,NA,NA,NA,NA,NA,NA,NA,2014-07-01,2245,"Total expenditures accrual",NA,"OK",NA
"rw","Germany","Expenditures","2014-07-27",2245,NA,NA,NA,NA,NA,NA,NA,2014-07-01,2245,"Total expenditures accrual",NA,"OK",NA
"rw","Germany","Expenditures","2014-08-01",2245,NA,NA,NA,NA,NA,NA,NA,2014-08-01,2245,"Total expenditures accrual",NA,"OK",NA
"rw","Germany","Expenditures","2014-08-05",2245,NA,NA,NA,NA,NA,NA,NA,2014-08-01,2245,"Total expenditures accrual",NA,"OK",NA
"rw","Germany","Expenditures","2014-08-15",2245,NA,NA,NA,NA,NA,NA,NA,2014-08-01,2245,"Total expenditures accrual",NA,"OK",NA
"rw","Germany","Expenditures","2014-08-27",2245,NA,NA,NA,NA,NA,NA,NA,2014-08-01,2245,"Total expenditures accrual",NA,"OK",NA
"rw","Germany","Expenditures","2014-09-01",2245,NA,NA,NA,NA,NA,NA,NA,2014-09-01,2245,"Total expenditures accrual",NA,"OK",NA
"rw","Germany","Expenditures","2014-09-15",3373,NA,NA,NA,NA,NA,NA,NA,2014-09-01,3373,"Total expenditures accrual",NA,"OK",NA
"rw","Germany","Expenditures","2014-09-27",3373,NA,NA,NA,NA,NA,NA,NA,2014-09-01,3373,"Total expenditures accrual",NA,"OK",NA
"rw","Germany","Expenditures","2014-10-01",3373,NA,NA,NA,NA,NA,NA,NA,2014-10-01,3373,"Total expenditures accrual",NA,"OK",NA
"rw","Germany","Expenditures","2014-10-03",3373,NA,NA,NA,NA,NA,NA,NA,2014-10-01,3373,"Total expenditures accrual",NA,"OK",NA
"rw","Germany","Expenditures","2014-10-15",3373,NA,NA,NA,NA,NA,NA,NA,2014-10-01,3373,"Total expenditures accrual",NA,"OK",NA
"rw","Germany","Expenditures","2014-10-27",3373,NA,NA,NA,NA,NA,NA,NA,2014-10-01,3373,"Total expenditures accrual",NA,"OK",NA
"rw","Germany","Expenditures","2014-11-01",3373,NA,NA,NA,NA,NA,NA,NA,2014-11-01,3373,"Total expenditures accrual",NA,"OK",NA
"rw","Germany","Expenditures","2014-11-06",3373,NA,NA,NA,NA,NA,NA,NA,2014-11-01,3373,"Total expenditures accrual",NA,"OK",NA
"rw","Germany","Expenditures","2014-11-15",3373,NA,NA,NA,NA,NA,NA,NA,2014-11-01,3373,"Total expenditures accrual",NA,"OK",NA
"rw","Germany","Expenditures","2014-11-27",3373,NA,NA,NA,NA,NA,NA,NA,2014-11-01,3373,"Total expenditures accrual",NA,"OK",NA
"rw","Germany","Expenditures","2014-12-01",3373,NA,NA,NA,NA,NA,NA,NA,2014-12-01,3373,"Total expenditures accrual",NA,"OK",NA
"rw","Germany","Expenditures","2014-12-15",3367,NA,NA,NA,NA,NA,NA,NA,2014-12-01,3367,"Total expenditures accrual",NA,"OK",NA
"rw","Germany","Expenditures","2014-12-27",3367,NA,NA,NA,NA,NA,NA,NA,2014-12-01,3367,"Total expenditures accrual",NA,"OK",NA
"rw","Germany","Expenditures","2015-01-01",3367,NA,NA,NA,NA,NA,NA,NA,2015-01-01,3367,"Total expenditures accrual",NA,"OK",NA
"rw","Germany","Expenditures","2015-01-04",3367,NA,NA,NA,NA,NA,NA,NA,2015-01-01,3367,"Total expenditures accrual",NA,"OK",NA
"rw","Germany","Expenditures","2015-01-15",3367,NA,NA,NA,NA,NA,NA,NA,2015-01-01,3367,"Total expenditures accrual",NA,"OK",NA
"rw","Germany","Expenditures","2015-01-27",3367,NA,NA,NA,NA,NA,NA,NA,2015-01-01,3367,"Total expenditures accrual",NA,"OK",NA
"rw","Germany","Expenditures","2015-02-01",3367,NA,NA,NA,NA,NA,NA,NA,2015-02-01,3367,"Total expenditures accrual",NA,"OK",NA
"rw","Germany","Expenditures","2015-02-07",3367,NA,NA,NA,NA,NA,NA,NA,2015-02-01,3367,"Total expenditures accrual",NA,"OK",NA
"rw","Germany","Expenditures","2015-02-15",3367,NA,NA,NA,NA,NA,NA,NA,2015-02-01,3367,"Total expenditures accrual",NA,"OK",NA
"rw","Germany","Expenditures","2015-02-27",3367,NA,NA,NA,NA,NA,NA,NA,2015-02-01,3367,"Total expenditures accrual",NA,"OK",NA
"rw","Germany","Expenditures","2015-03-01",3367,NA,NA,NA,NA,NA,NA,NA,2015-03-01,3367,"Total expenditures accrual",NA,"OK",NA
"rw","Germany","Expenditures","2015-03-07",3367,NA,NA,NA,NA,NA,NA,NA,2015-03-01,3367,"Total expenditures accrual",NA,"OK",NA
"rw","Germany","Expenditures","2015-03-15",3126,NA,NA,NA,NA,NA,NA,NA,2015-03-01,3126,"Total expenditures accrual",NA,"OK",NA
"rw","Germany","Expenditures","2015-03-27",3126,NA,NA,NA,NA,NA,NA,NA,2015-03-01,3126,"Total expenditures accrual",NA,"OK",NA
"rw","Germany","Expenditures","2015-04-01",3126,NA,NA,NA,NA,NA,NA,NA,2015-04-01,3126,"Total expenditures accrual",NA,"OK",NA
"rw","Germany","Expenditures","2015-04-03",3126,NA,NA,NA,NA,NA,NA,NA,2015-04-01,3126,"Total expenditures accrual",NA,"OK",NA
"rw","Germany","Expenditures","2015-04-15",3126,NA,NA,NA,NA,NA,NA,NA,2015-04-01,3126,"Total expenditures accrual",NA,"OK",NA
"rw","Germany","Expenditures","2015-04-27",3126,NA,NA,NA,NA,NA,NA,NA,2015-04-01,3126,"Total expenditures accrual",NA,"OK",NA
"rw","Germany","Expenditures","2015-05-01",3126,NA,NA,NA,NA,NA,NA,NA,2015-05-01,3126,"Total expenditures accrual",NA,"OK",NA
"rw","Germany","Expenditures","2015-05-05",3126,NA,NA,NA,NA,NA,NA,NA,2015-05-01,3126,"Total expenditures accrual",NA,"OK",NA
"rw","Germany","Expenditures","2015-05-15",3126,NA,NA,NA,NA,NA,NA,NA,2015-05-01,3126,"Total expenditures accrual",NA,"OK",NA
"rw","Germany","Expenditures","2015-05-27",3126,NA,NA,NA,NA,NA,NA,NA,2015-05-01,3126,"Total expenditures accrual",NA,"OK",NA
"rw","Germany","Expenditures","2015-06-01",3126,NA,NA,NA,NA,NA,NA,NA,2015-06-01,3126,"Total expenditures accrual",NA,"OK",NA
"rw","Germany","Expenditures","2015-06-15",2981,NA,NA,NA,NA,NA,NA,NA,2015-06-01,2981,"Total expenditures accrual",NA,"OK",NA
"rw","Germany","Expenditures","2015-06-27",2981,NA,NA,NA,NA,NA,NA,NA,2015-06-01,2981,"Total expenditures accrual",NA,"OK",NA
"rw","Germany","Expenditures","2015-07-01",2981,NA,NA,NA,NA,NA,NA,NA,2015-07-01,2981,"Total expenditures accrual",NA,"OK",NA
"rw","Germany","Expenditures","2015-07-03",2981,NA,NA,NA,NA,NA,NA,NA,2015-07-01,2981,"Total expenditures accrual",NA,"OK",NA
"rw","Germany","Expenditures","2015-07-15",2981,NA,NA,NA,NA,NA,NA,NA,2015-07-01,2981,"Total expenditures accrual",NA,"OK",NA
"rw","Germany","Expenditures","2015-07-27",2981,NA,NA,NA,NA,NA,NA,NA,2015-07-01,2981,"Total expenditures accrual",NA,"OK",NA
"rw","Germany","Expenditures","2015-08-01",2981,NA,NA,NA,NA,NA,NA,NA,2015-08-01,2981,"Total expenditures accrual",NA,"OK",NA
"rw","Germany","Expenditures","2015-08-06",2981,NA,NA,NA,NA,NA,NA,NA,2015-08-01,2981,"Total expenditures accrual",NA,"OK",NA
"rw","Germany","Expenditures","2015-08-15",2981,NA,NA,NA,NA,NA,NA,NA,2015-08-01,2981,"Total expenditures accrual",NA,"OK",NA
"rw","Germany","Expenditures","2015-08-27",2981,NA,NA,NA,NA,NA,NA,NA,2015-08-01,2981,"Total expenditures accrual",NA,"OK",NA
"rw","Germany","Expenditures","2015-09-01",2981,NA,NA,NA,NA,NA,NA,NA,2015-09-01,2981,"Total expenditures accrual",NA,"OK",NA
"rw","Germany","Expenditures","2015-09-02",2981,NA,NA,NA,NA,NA,NA,NA,2015-09-01,2981,"Total expenditures accrual",NA,"OK",NA
"rw","Germany","Expenditures","2015-09-15",-1950,NA,NA,NA,NA,NA,NA,NA,2015-09-01,-1950,"Total expenditures accrual",NA,"OK",NA
"rw","Germany","Expenditures","2015-09-27",-1950,NA,NA,NA,NA,NA,NA,NA,2015-09-01,-1950,"Total expenditures accrual",NA,"OK",NA
"rw","Germany","Expenditures","2015-10-01",-1950,NA,NA,NA,NA,NA,NA,NA,2015-10-01,-1950,"Total expenditures accrual",NA,"OK",NA
"rw","Germany","Expenditures","2015-10-04",-1950,NA,NA,NA,NA,NA,NA,NA,2015-10-01,-1950,"Total expenditures accrual",NA,"OK",NA
"rw","Germany","Expenditures","2015-10-15",-1950,NA,NA,NA,NA,NA,NA,NA,2015-10-01,-1950,"Total expenditures accrual",NA,"OK",NA
"rw","Germany","Expenditures","2015-10-27",-1950,NA,NA,NA,NA,NA,NA,NA,2015-10-01,-1950,"Total expenditures accrual",NA,"OK",NA
"rw","Germany","Expenditures","2015-11-01",-1950,NA,NA,NA,NA,NA,NA,NA,2015-11-01,-1950,"Total expenditures accrual",NA,"OK",NA
"rw","Germany","Expenditures","2015-11-07",-1950,NA,NA,NA,NA,NA,NA,NA,2015-11-01,-1950,"Total expenditures accrual",NA,"OK",NA
"rw","Germany","Expenditures","2015-11-15",-1950,NA,NA,NA,NA,NA,NA,NA,2015-11-01,-1950,"Total expenditures accrual",NA,"OK",NA
"rw","Germany","Expenditures","2015-11-27",-1950,NA,NA,NA,NA,NA,NA,NA,2015-11-01,-1950,"Total expenditures accrual",NA,"OK",NA
"rw","Germany","Expenditures","2015-12-01",-1950,NA,NA,NA,NA,NA,NA,NA,2015-12-01,-1950,"Total expenditures accrual",NA,"OK",NA
"rw","Germany","Expenditures","2015-12-02",-1950,NA,NA,NA,NA,NA,NA,NA,2015-12-01,-1950,"Total expenditures accrual",NA,"OK",NA
"rw","Germany","Expenditures","2015-12-15",8321,NA,NA,NA,NA,NA,NA,NA,2015-12-01,8321,"Total expenditures accrual",NA,"OK",NA
"rw","Germany","Expenditures","2015-12-27",8321,NA,NA,NA,NA,NA,NA,NA,2015-12-01,8321,"Total expenditures accrual",NA,"OK",NA
"rw","Germany","Expenditures","2016-01-01",8321,NA,NA,NA,NA,NA,NA,NA,2016-01-01,8321,"Total expenditures accrual",NA,"OK",NA
"rw","Germany","Expenditures","2016-01-05",8321,NA,NA,NA,NA,NA,NA,NA,2016-01-01,8321,"Total expenditures accrual",NA,"OK",NA
"rw","Germany","Expenditures","2016-01-15",8321,NA,NA,NA,NA,NA,NA,NA,2016-01-01,8321,"Total expenditures accrual",NA,"OK",NA
"rw","Germany","Expenditures","2016-01-27",8321,NA,NA,NA,NA,NA,NA,NA,2016-01-01,8321,"Total expenditures accrual",NA,"OK",NA
"rw","Germany","Expenditures","2016-02-01",8321,NA,NA,NA,NA,NA,NA,NA,2016-02-01,8321,"Total expenditures accrual",NA,"OK",NA
"rw","Germany","Expenditures","2016-02-15",8321,NA,NA,NA,NA,NA,NA,NA,2016-02-01,8321,"Total expenditures accrual",NA,"OK",NA
"rw","Germany","Expenditures","2016-02-27",8321,NA,NA,NA,NA,NA,NA,NA,2016-02-01,8321,"Total expenditures accrual",NA,"OK",NA
"rw","Germany","Expenditures","2016-03-01",8321,NA,NA,NA,NA,NA,NA,NA,2016-03-01,8321,"Total expenditures accrual",NA,"OK",NA
"rw","Germany","Expenditures","2016-03-02",8321,NA,NA,NA,NA,NA,NA,NA,2016-03-01,8321,"Total expenditures accrual",NA,"OK",NA
"rw","Germany","Expenditures","2016-03-15",3916,NA,NA,NA,NA,NA,NA,NA,2016-03-01,3916,"Total expenditures accrual",NA,"OK",NA
"rw","Germany","Expenditures","2016-03-27",3916,NA,NA,NA,NA,NA,NA,NA,2016-03-01,3916,"Total expenditures accrual",NA,"OK",NA
"rw","Germany","Expenditures","2016-04-01",3916,NA,NA,NA,NA,NA,NA,NA,2016-04-01,3916,"Total expenditures accrual",NA,"OK",NA
"rw","Germany","Expenditures","2016-04-05",3916,NA,NA,NA,NA,NA,NA,NA,2016-04-01,3916,"Total expenditures accrual",NA,"OK",NA
"rw","Germany","Expenditures","2016-04-15",3916,NA,NA,NA,NA,NA,NA,NA,2016-04-01,3916,"Total expenditures accrual",NA,"OK",NA
"rw","Germany","Expenditures","2016-04-27",3916,NA,NA,NA,NA,NA,NA,NA,2016-04-01,3916,"Total expenditures accrual",NA,"OK",NA
"rw","Germany","Expenditures","2016-05-01",3916,NA,NA,NA,NA,NA,NA,NA,2016-05-01,3916,"Total expenditures accrual",NA,"OK",NA
"rw","Germany","Expenditures","2016-05-07",3916,NA,NA,NA,NA,NA,NA,NA,2016-05-01,3916,"Total expenditures accrual",NA,"OK",NA
"rw","Germany","Expenditures","2016-05-15",3916,NA,NA,NA,NA,NA,NA,NA,2016-05-01,3916,"Total expenditures accrual",NA,"OK",NA
"rw","Germany","Expenditures","2016-05-27",3916,NA,NA,NA,NA,NA,NA,NA,2016-05-01,3916,"Total expenditures accrual",NA,"OK",NA
"rw","Germany","Expenditures","2016-06-01",3916,NA,NA,NA,NA,NA,NA,NA,2016-06-01,3916,"Total expenditures accrual",NA,"OK",NA
"rw","Germany","Expenditures","2016-06-03",3916,NA,NA,NA,NA,NA,NA,NA,2016-06-01,3916,"Total expenditures accrual",NA,"OK",NA
"rw","Germany","Expenditures","2016-06-15",2567,NA,NA,NA,NA,NA,NA,NA,2016-06-01,2567,"Total expenditures accrual",NA,"OK",NA
"rw","Germany","Expenditures","2016-06-27",2567,NA,NA,NA,NA,NA,NA,NA,2016-06-01,2567,"Total expenditures accrual",NA,"OK",NA
"rw","Germany","Expenditures","2016-07-01",2567,NA,NA,NA,NA,NA,NA,NA,2016-07-01,2567,"Total expenditures accrual",NA,"OK",NA
"rw","Germany","Expenditures","2016-07-05",2567,NA,NA,NA,NA,NA,NA,NA,2016-07-01,2567,"Total expenditures accrual",NA,"OK",NA
"rw","Germany","Expenditures","2016-07-15",2567,NA,NA,NA,NA,NA,NA,NA,2016-07-01,2567,"Total expenditures accrual",NA,"OK",NA
"rw","Germany","Expenditures","2016-07-27",2567,NA,NA,NA,NA,NA,NA,NA,2016-07-01,2567,"Total expenditures accrual",NA,"OK",NA
"rw","Germany","Expenditures","2016-08-01",2567,NA,NA,NA,NA,NA,NA,NA,2016-08-01,2567,"Total expenditures accrual",NA,"OK",NA
"rw","Germany","Expenditures","2016-08-15",2567,NA,NA,NA,NA,NA,NA,NA,2016-08-01,2567,"Total expenditures accrual",NA,"OK",NA
"rw","Germany","Expenditures","2016-08-27",2567,NA,NA,NA,NA,NA,NA,NA,2016-08-01,2567,"Total expenditures accrual",NA,"OK",NA
"rw","Germany","Expenditures","2016-09-01",2567,NA,NA,NA,NA,NA,NA,NA,2016-09-01,2567,"Total expenditures accrual",NA,"OK",NA
"rw","Germany","Expenditures","2016-09-04",2567,NA,NA,NA,NA,NA,NA,NA,2016-09-01,2567,"Total expenditures accrual",NA,"OK",NA
"rw","Germany","Expenditures","2016-09-15",6394,NA,NA,NA,NA,NA,NA,NA,2016-09-01,6394,"Total expenditures accrual",NA,"OK",NA
"rw","Germany","Expenditures","2016-09-27",6394,NA,NA,NA,NA,NA,NA,NA,2016-09-01,6394,"Total expenditures accrual",NA,"OK",NA
"rw","Germany","Expenditures","2016-10-01",6394,NA,NA,NA,NA,NA,NA,NA,2016-10-01,6394,"Total expenditures accrual",NA,"OK",NA
"rw","Germany","Expenditures","2016-10-06",6394,NA,NA,NA,NA,NA,NA,NA,2016-10-01,6394,"Total expenditures accrual",NA,"OK",NA
"rw","Germany","Expenditures","2016-10-15",6394,NA,NA,NA,NA,NA,NA,NA,2016-10-01,6394,"Total expenditures accrual",NA,"OK",NA
"rw","Germany","Expenditures","2016-10-27",6394,NA,NA,NA,NA,NA,NA,NA,2016-10-01,6394,"Total expenditures accrual",NA,"OK",NA
"rw","Germany","Expenditures","2016-11-01",6394,NA,NA,NA,NA,NA,NA,NA,2016-11-01,6394,"Total expenditures accrual",NA,"OK",NA
"rw","Germany","Expenditures","2016-11-02",6394,NA,NA,NA,NA,NA,NA,NA,2016-11-01,6394,"Total expenditures accrual",NA,"OK",NA
"rw","Germany","Expenditures","2016-11-15",6394,NA,NA,NA,NA,NA,NA,NA,2016-11-01,6394,"Total expenditures accrual",NA,"OK",NA
"rw","Germany","Expenditures","2016-11-27",6394,NA,NA,NA,NA,NA,NA,NA,2016-11-01,6394,"Total expenditures accrual",NA,"OK",NA
"rw","Germany","Expenditures","2016-12-01",6394,NA,NA,NA,NA,NA,NA,NA,2016-12-01,6394,"Total expenditures accrual",NA,"OK",NA
"rw","Germany","Expenditures","2016-12-04",6394,NA,NA,NA,NA,NA,NA,NA,2016-12-01,6394,"Total expenditures accrual",NA,"OK",NA
"rw","Germany","Expenditures","2016-12-15",-4233,NA,NA,NA,NA,NA,NA,NA,2016-12-01,-4233,"Total expenditures accrual",NA,"OK",NA
"rw","Germany","Expenditures","2016-12-27",-4233,NA,NA,NA,NA,NA,NA,NA,2016-12-01,-4233,"Total expenditures accrual",NA,"OK",NA
"rw","Germany","Expenditures","2017-01-01",-4233,NA,NA,NA,NA,NA,NA,NA,2017-01-01,-4233,"Total expenditures accrual",NA,"OK",NA
"rw","Germany","Expenditures","2017-01-07",-4233,NA,NA,NA,NA,NA,NA,NA,2017-01-01,-4233,"Total expenditures accrual",NA,"OK",NA
"rw","Germany","Expenditures","2017-01-15",-4233,NA,NA,NA,NA,NA,NA,NA,2017-01-01,-4233,"Total expenditures accrual",NA,"OK",NA
"rw","Germany","Expenditures","2017-01-27",-4233,NA,NA,NA,NA,NA,NA,NA,2017-01-01,-4233,"Total expenditures accrual",NA,"OK",NA
"rw","Germany","Expenditures","2017-02-01",-4233,NA,NA,NA,NA,NA,NA,NA,2017-02-01,-4233,"Total expenditures accrual",NA,"OK",NA
"rw","Germany","Expenditures","2017-02-03",-4233,NA,NA,NA,NA,NA,NA,NA,2017-02-01,-4233,"Total expenditures accrual",NA,"OK",NA
"rw","Germany","Expenditures","2017-02-15",-4233,NA,NA,NA,NA,NA,NA,NA,2017-02-01,-4233,"Total expenditures accrual",NA,"OK",NA
"rw","Germany","Expenditures","2017-02-27",-4233,NA,NA,NA,NA,NA,NA,NA,2017-02-01,-4233,"Total expenditures accrual",NA,"OK",NA
"rw","Germany","Expenditures","2017-03-01",-4233,NA,NA,NA,NA,NA,NA,NA,2017-03-01,-4233,"Total expenditures accrual",NA,"OK",NA
"rw","Germany","Expenditures","2017-03-03",-4233,NA,NA,NA,NA,NA,NA,NA,2017-03-01,-4233,"Total expenditures accrual",NA,"OK",NA
"rw","Germany","Expenditures","2017-03-15",8878,NA,NA,NA,NA,NA,NA,NA,2017-03-01,8878,"Total expenditures accrual",NA,"OK",NA
"rw","Germany","Expenditures","2017-03-27",8878,NA,NA,NA,NA,NA,NA,NA,2017-03-01,8878,"Total expenditures accrual",NA,"OK",NA
"rw","Germany","Expenditures","2017-04-01",8878,NA,NA,NA,NA,NA,NA,NA,2017-04-01,8878,"Total expenditures accrual",NA,"OK",NA
"rw","Germany","Expenditures","2017-04-06",8878,NA,NA,NA,NA,NA,NA,NA,2017-04-01,8878,"Total expenditures accrual",NA,"OK",NA
"rw","Germany","Expenditures","2017-04-15",8878,NA,NA,NA,NA,NA,NA,NA,2017-04-01,8878,"Total expenditures accrual",NA,"OK",NA
"rw","Germany","Expenditures","2017-04-27",8878,NA,NA,NA,NA,NA,NA,NA,2017-04-01,8878,"Total expenditures accrual",NA,"OK",NA
"rw","Germany","Expenditures","2017-05-01",8878,NA,NA,NA,NA,NA,NA,NA,2017-05-01,8878,"Total expenditures accrual",NA,"OK",NA
"rw","Germany","Expenditures","2017-05-15",8878,NA,NA,NA,NA,NA,NA,NA,2017-05-01,8878,"Total expenditures accrual",NA,"OK",NA
"rw","Germany","Expenditures","2017-05-27",8878,NA,NA,NA,NA,NA,NA,NA,2017-05-01,8878,"Total expenditures accrual",NA,"OK",NA
"rw","Germany","Expenditures","2017-06-01",8878,NA,NA,NA,NA,NA,NA,NA,2017-06-01,8878,"Total expenditures accrual",NA,"OK",NA
"rw","Germany","Expenditures","2017-06-04",8878,NA,NA,NA,NA,NA,NA,NA,2017-06-01,8878,"Total expenditures accrual",NA,"OK",NA
"rw","Germany","Expenditures","2017-06-15",8478,NA,NA,NA,NA,NA,NA,NA,2017-06-01,8478,"Total expenditures accrual",NA,"OK",NA
"rw","Germany","Expenditures","2017-06-27",8478,NA,NA,NA,NA,NA,NA,NA,2017-06-01,8478,"Total expenditures accrual",NA,"OK",NA
"rw","Germany","Expenditures","2017-07-01",8478,NA,NA,NA,NA,NA,NA,NA,2017-07-01,8478,"Total expenditures accrual",NA,"OK",NA
"rw","Germany","Expenditures","2017-07-06",8478,NA,NA,NA,NA,NA,NA,NA,2017-07-01,8478,"Total expenditures accrual",NA,"OK",NA
"rw","Germany","Expenditures","2017-07-15",8478,NA,NA,NA,NA,NA,NA,NA,2017-07-01,8478,"Total expenditures accrual",NA,"OK",NA
"rw","Germany","Expenditures","2017-07-27",8478,NA,NA,NA,NA,NA,NA,NA,2017-07-01,8478,"Total expenditures accrual",NA,"OK",NA
"rw","Germany","Expenditures","2017-08-01",8478,NA,NA,NA,NA,NA,NA,NA,2017-08-01,8478,"Total expenditures accrual",NA,"OK",NA
"rw","Germany","Expenditures","2017-08-02",8478,NA,NA,NA,NA,NA,NA,NA,2017-08-01,8478,"Total expenditures accrual",NA,"OK",NA
"rw","Germany","Expenditures","2017-08-15",8478,NA,NA,NA,NA,NA,NA,NA,2017-08-01,8478,"Total expenditures accrual",NA,"OK",NA
"rw","Germany","Expenditures","2017-08-27",8478,NA,NA,NA,NA,NA,NA,NA,2017-08-01,8478,"Total expenditures accrual",NA,"OK",NA
"rw","Germany","Expenditures","2017-09-01",8478,NA,NA,NA,NA,NA,NA,NA,2017-09-01,8478,"Total expenditures accrual",NA,"OK",NA
"rw","Germany","Expenditures","2017-09-05",8478,NA,NA,NA,NA,NA,NA,NA,2017-09-01,8478,"Total expenditures accrual",NA,"OK",NA
"rw","Germany","Expenditures","2017-09-15",-7054,NA,NA,NA,NA,NA,NA,NA,2017-09-01,-7054,"Total expenditures accrual",NA,"OK",NA
"rw","Germany","Expenditures","2017-09-27",-7054,NA,NA,NA,NA,NA,NA,NA,2017-09-01,-7054,"Total expenditures accrual",NA,"OK",NA
"rw","Germany","Expenditures","2017-10-01",-7054,NA,NA,NA,NA,NA,NA,NA,2017-10-01,-7054,"Total expenditures accrual",NA,"OK",NA
"rw","Germany","Expenditures","2017-10-07",-7054,NA,NA,NA,NA,NA,NA,NA,2017-10-01,-7054,"Total expenditures accrual",NA,"OK",NA
"rw","Germany","Expenditures","2017-10-15",-7054,NA,NA,NA,NA,NA,NA,NA,2017-10-01,-7054,"Total expenditures accrual",NA,"OK",NA
"rw","Germany","Expenditures","2017-10-27",-7054,NA,NA,NA,NA,NA,NA,NA,2017-10-01,-7054,"Total expenditures accrual",NA,"OK",NA
"rw","Germany","Expenditures","2017-11-01",-7054,NA,NA,NA,NA,NA,NA,NA,2017-11-01,-7054,"Total expenditures accrual",NA,"OK",NA
"rw","Germany","Expenditures","2017-11-03",-7054,NA,NA,NA,NA,NA,NA,NA,2017-11-01,-7054,"Total expenditures accrual",NA,"OK",NA
"rw","Germany","Expenditures","2017-11-15",-7054,NA,NA,NA,NA,NA,NA,NA,2017-11-01,-7054,"Total expenditures accrual",NA,"OK",NA
"rw","Germany","Expenditures","2017-11-27",-7054,NA,NA,NA,NA,NA,NA,NA,2017-11-01,-7054,"Total expenditures accrual",NA,"OK",NA
"rw","Germany","Expenditures","2017-12-01",-7054,NA,NA,NA,NA,NA,NA,NA,2017-12-01,-7054,"Total expenditures accrual",NA,"OK",NA
"rw","Germany","Expenditures","2017-12-05",-7054,NA,NA,NA,NA,NA,NA,NA,2017-12-01,-7054,"Total expenditures accrual",NA,"OK",NA
"rw","Germany","Expenditures","2017-12-15",5801,NA,NA,NA,NA,NA,NA,NA,2017-12-01,5801,"Total expenditures accrual",NA,"OK",NA
"rw","Germany","Expenditures","2017-12-27",5801,NA,NA,NA,NA,NA,NA,NA,2017-12-01,5801,"Total expenditures accrual",NA,"OK",NA
"rw","Germany","Expenditures","2018-01-01",5801,NA,NA,NA,NA,NA,NA,NA,2018-01-01,5801,"Total expenditures accrual",NA,"OK",NA
"rw","Germany","Expenditures","2018-01-15",5801,NA,NA,NA,NA,NA,NA,NA,2018-01-01,5801,"Total expenditures accrual",NA,"OK",NA
"rw","Germany","Expenditures","2018-01-27",5801,NA,NA,NA,NA,NA,NA,NA,2018-01-01,5801,"Total expenditures accrual",NA,"OK",NA
"rw","Germany","Expenditures","2018-02-01",5801,NA,NA,NA,NA,NA,NA,NA,2018-02-01,5801,"Total expenditures accrual",NA,"OK",NA
"rw","Germany","Expenditures","2018-02-04",5801,NA,NA,NA,NA,NA,NA,NA,2018-02-01,5801,"Total expenditures accrual",NA,"OK",NA
"rw","Germany","Expenditures","2018-02-15",5801,NA,NA,NA,NA,NA,NA,NA,2018-02-01,5801,"Total expenditures accrual",NA,"OK",NA
"rw","Germany","Expenditures","2018-02-27",5801,NA,NA,NA,NA,NA,NA,NA,2018-02-01,5801,"Total expenditures accrual",NA,"OK",NA
"rw","Germany","Expenditures","2018-03-01",5801,NA,NA,NA,NA,NA,NA,NA,2018-03-01,5801,"Total expenditures accrual",NA,"OK",NA
"rw","Germany","Expenditures","2018-03-04",5801,NA,NA,NA,NA,NA,NA,NA,2018-03-01,5801,"Total expenditures accrual",NA,"OK",NA
"rw","Germany","Expenditures","2018-03-15",1250,NA,NA,NA,NA,NA,NA,NA,2018-03-01,1250,"Total expenditures accrual",NA,"OK",NA
"rw","Germany","Expenditures","2018-03-27",1250,NA,NA,NA,NA,NA,NA,NA,2018-03-01,1250,"Total expenditures accrual",NA,"OK",NA
"rw","Germany","Expenditures","2018-04-01",1250,NA,NA,NA,NA,NA,NA,NA,2018-04-01,1250,"Total expenditures accrual",NA,"OK",NA
"rw","Germany","Expenditures","2018-04-07",1250,NA,NA,NA,NA,NA,NA,NA,2018-04-01,1250,"Total expenditures accrual",NA,"OK",NA
"rw","Germany","Expenditures","2018-04-15",1250,NA,NA,NA,NA,NA,NA,NA,2018-04-01,1250,"Total expenditures accrual",NA,"OK",NA
"rw","Germany","Expenditures","2018-04-27",1250,NA,NA,NA,NA,NA,NA,NA,2018-04-01,1250,"Total expenditures accrual",NA,"OK",NA
"rw","Germany","Expenditures","2018-05-01",1250,NA,NA,NA,NA,NA,NA,NA,2018-05-01,1250,"Total expenditures accrual",NA,"OK",NA
"rw","Germany","Expenditures","2018-05-02",1250,NA,NA,NA,NA,NA,NA,NA,2018-05-01,1250,"Total expenditures accrual",NA,"OK",NA
"rw","Germany","Expenditures","2018-05-15",1250,NA,NA,NA,NA,NA,NA,NA,2018-05-01,1250,"Total expenditures accrual",NA,"OK",NA
"rw","Germany","Expenditures","2018-05-27",1250,NA,NA,NA,NA,NA,NA,NA,2018-05-01,1250,"Total expenditures accrual",NA,"OK",NA
"rw","Germany","Expenditures","2018-06-01",1250,NA,NA,NA,NA,NA,NA,NA,2018-06-01,1250,"Total expenditures accrual",NA,"OK",NA
"rw","Germany","Expenditures","2018-06-05",1250,NA,NA,NA,NA,NA,NA,NA,2018-06-01,1250,"Total expenditures accrual",NA,"OK",NA
"rw","Germany","Expenditures","2018-06-15",3955,NA,NA,NA,NA,NA,NA,NA,2018-06-01,3955,"Total expenditures accrual",NA,"OK",NA
"rw","Germany","Expenditures","2018-06-27",3955,NA,NA,NA,NA,NA,NA,NA,2018-06-01,3955,"Total expenditures accrual",NA,"OK",NA
"rw","Germany","Expenditures","2018-07-01",3955,NA,NA,NA,NA,NA,NA,NA,2018-07-01,3955,"Total expenditures accrual",NA,"OK",NA
"rw","Germany","Expenditures","2018-07-07",3955,NA,NA,NA,NA,NA,NA,NA,2018-07-01,3955,"Total expenditures accrual",NA,"OK",NA
"rw","Germany","Expenditures","2018-07-15",3955,NA,NA,NA,NA,NA,NA,NA,2018-07-01,3955,"Total expenditures accrual",NA,"OK",NA
"rw","Germany","Expenditures","2018-07-27",3955,NA,NA,NA,NA,NA,NA,NA,2018-07-01,3955,"Total expenditures accrual",NA,"OK",NA
"rw","Germany","Expenditures","2018-08-01",3955,NA,NA,NA,NA,NA,NA,NA,2018-08-01,3955,"Total expenditures accrual",NA,"OK",NA
"rw","Germany","Expenditures","2018-08-03",3955,NA,NA,NA,NA,NA,NA,NA,2018-08-01,3955,"Total expenditures accrual",NA,"OK",NA
"rw","Germany","Expenditures","2018-08-15",3955,NA,NA,NA,NA,NA,NA,NA,2018-08-01,3955,"Total expenditures accrual",NA,"OK",NA
"rw","Germany","Expenditures","2018-08-27",3955,NA,NA,NA,NA,NA,NA,NA,2018-08-01,3955,"Total expenditures accrual",NA,"OK",NA
"rw","Germany","Expenditures","2018-09-01",3955,NA,NA,NA,NA,NA,NA,NA,2018-09-01,3955,"Total expenditures accrual",NA,"OK",NA
"rw","Germany","Expenditures","2018-09-06",3955,NA,NA,NA,NA,NA,NA,NA,2018-09-01,3955,"Total expenditures accrual",NA,"OK",NA
"rw","Germany","Expenditures","2018-09-15",5351,NA,NA,NA,NA,NA,NA,NA,2018-09-01,5351,"Total expenditures accrual",NA,"OK",NA
"rw","Germany","Expenditures","2018-09-27",5351,NA,NA,NA,NA,NA,NA,NA,2018-09-01,5351,"Total expenditures accrual",NA,"OK",NA
"rw","Germany","Expenditures","2018-10-01",5351,NA,NA,NA,NA,NA,NA,NA,2018-10-01,5351,"Total expenditures accrual",NA,"OK",NA
"rw","Germany","Expenditures","2018-10-15",5351,NA,NA,NA,NA,NA,NA,NA,2018-10-01,5351,"Total expenditures accrual",NA,"OK",NA
"rw","Germany","Expenditures","2018-10-27",5351,NA,NA,NA,NA,NA,NA,NA,2018-10-01,5351,"Total expenditures accrual",NA,"OK",NA
"rw","Germany","Expenditures","2018-11-01",5351,NA,NA,NA,NA,NA,NA,NA,2018-11-01,5351,"Total expenditures accrual",NA,"OK",NA
"rw","Germany","Expenditures","2018-11-04",5351,NA,NA,NA,NA,NA,NA,NA,2018-11-01,5351,"Total expenditures accrual",NA,"OK",NA
"rw","Germany","Expenditures","2018-11-15",5351,NA,NA,NA,NA,NA,NA,NA,2018-11-01,5351,"Total expenditures accrual",NA,"OK",NA
"rw","Germany","Expenditures","2018-11-27",5351,NA,NA,NA,NA,NA,NA,NA,2018-11-01,5351,"Total expenditures accrual",NA,"OK",NA
"rw","Germany","Expenditures","2018-12-01",5351,NA,NA,NA,NA,NA,NA,NA,2018-12-01,5351,"Total expenditures accrual",NA,"OK",NA
"rw","Germany","Expenditures","2018-12-06",5351,NA,NA,NA,NA,NA,NA,NA,2018-12-01,5351,"Total expenditures accrual",NA,"OK",NA
"rw","Germany","Expenditures","2018-12-15",9438,NA,NA,NA,NA,NA,NA,NA,2018-12-01,9438,"Total expenditures accrual",NA,"OK",NA
"rw","Germany","Expenditures","2018-12-27",9438,NA,NA,NA,NA,NA,NA,NA,2018-12-01,9438,"Total expenditures accrual",NA,"OK",NA
"rw","Germany","Expenditures","2019-01-01",9438,NA,NA,NA,NA,NA,NA,NA,2019-01-01,9438,"Total expenditures accrual",NA,"OK",NA
"rw","Germany","Expenditures","2019-01-02",9438,NA,NA,NA,NA,NA,NA,NA,2019-01-01,9438,"Total expenditures accrual",NA,"OK",NA
"rw","Germany","Expenditures","2019-01-15",9438,NA,NA,NA,NA,NA,NA,NA,2019-01-01,9438,"Total expenditures accrual",NA,"OK",NA
"rw","Germany","Expenditures","2019-01-27",9438,NA,NA,NA,NA,NA,NA,NA,2019-01-01,9438,"Total expenditures accrual",NA,"OK",NA
"rw","Germany","Expenditures","2019-02-01",9438,NA,NA,NA,NA,NA,NA,NA,2019-02-01,9438,"Total expenditures accrual",NA,"OK",NA
"rw","Germany","Expenditures","2019-02-05",9438,NA,NA,NA,NA,NA,NA,NA,2019-02-01,9438,"Total expenditures accrual",NA,"OK",NA
"rw","Germany","Expenditures","2019-02-15",9438,NA,NA,NA,NA,NA,NA,NA,2019-02-01,9438,"Total expenditures accrual",NA,"OK",NA
"rw","Germany","Expenditures","2019-02-27",9438,NA,NA,NA,NA,NA,NA,NA,2019-02-01,9438,"Total expenditures accrual",NA,"OK",NA
"rw","Germany","Expenditures","2019-03-01",9438,NA,NA,NA,NA,NA,NA,NA,2019-03-01,9438,"Total expenditures accrual",NA,"OK",NA
"rw","Germany","Expenditures","2019-03-05",9438,NA,NA,NA,NA,NA,NA,NA,2019-03-01,9438,"Total expenditures accrual",NA,"OK",NA
"rw","Germany","Expenditures","2019-03-15",-2133,NA,NA,NA,NA,NA,NA,NA,2019-03-01,-2133,"Total expenditures accrual",NA,"OK",NA
"rw","Germany","Expenditures","2019-03-27",-2133,NA,NA,NA,NA,NA,NA,NA,2019-03-01,-2133,"Total expenditures accrual",NA,"OK",NA
"rw","Germany","Expenditures","2019-04-01",-2133,NA,NA,NA,NA,NA,NA,NA,2019-04-01,-2133,"Total expenditures accrual",NA,"OK",NA
"rw","Germany","Expenditures","2019-04-15",-2133,NA,NA,NA,NA,NA,NA,NA,2019-04-01,-2133,"Total expenditures accrual",NA,"OK",NA
"rw","Germany","Expenditures","2019-04-27",-2133,NA,NA,NA,NA,NA,NA,NA,2019-04-01,-2133,"Total expenditures accrual",NA,"OK",NA
"rw","Germany","Expenditures","2019-05-01",-2133,NA,NA,NA,NA,NA,NA,NA,2019-05-01,-2133,"Total expenditures accrual",NA,"OK",NA
"rw","Germany","Expenditures","2019-05-03",-2133,NA,NA,NA,NA,NA,NA,NA,2019-05-01,-2133,"Total expenditures accrual",NA,"OK",NA
"rw","Germany","Expenditures","2019-05-15",-2133,NA,NA,NA,NA,NA,NA,NA,2019-05-01,-2133,"Total expenditures accrual",NA,"OK",NA
"rw","Germany","Expenditures","2019-05-27",-2133,NA,NA,NA,NA,NA,NA,NA,2019-05-01,-2133,"Total expenditures accrual",NA,"OK",NA
"rw","Germany","Expenditures","2019-06-01",-2133,NA,NA,NA,NA,NA,NA,NA,2019-06-01,-2133,"Total expenditures accrual",NA,"OK",NA
"rw","Germany","Expenditures","2019-06-06",-2133,NA,NA,NA,NA,NA,NA,NA,2019-06-01,-2133,"Total expenditures accrual",NA,"OK",NA
"rw","Germany","Expenditures","2019-06-15",8085,NA,NA,NA,NA,NA,NA,NA,2019-06-01,8085,"Total expenditures accrual",NA,"OK",NA
"rw","Germany","Expenditures","2019-06-27",8085,NA,NA,NA,NA,NA,NA,NA,2019-06-01,8085,"Total expenditures accrual",NA,"OK",NA
"rw","Germany","Expenditures","2019-07-01",8085,NA,NA,NA,NA,NA,NA,NA,2019-07-01,8085,"Total expenditures accrual",NA,"OK",NA
"rw","Germany","Expenditures","2019-07-15",8085,NA,NA,NA,NA,NA,NA,NA,2019-07-01,8085,"Total expenditures accrual",NA,"OK",NA
"rw","Germany","Expenditures","2019-07-27",8085,NA,NA,NA,NA,NA,NA,NA,2019-07-01,8085,"Total expenditures accrual",NA,"OK",NA
"rw","Germany","Expenditures","2019-08-01",8085,NA,NA,NA,NA,NA,NA,NA,2019-08-01,8085,"Total expenditures accrual",NA,"OK",NA
"rw","Germany","Expenditures","2019-08-04",8085,NA,NA,NA,NA,NA,NA,NA,2019-08-01,8085,"Total expenditures accrual",NA,"OK",NA
"rw","Germany","Expenditures","2019-08-15",8085,NA,NA,NA,NA,NA,NA,NA,2019-08-01,8085,"Total expenditures accrual",NA,"OK",NA
"rw","Germany","Expenditures","2019-08-27",8085,NA,NA,NA,NA,NA,NA,NA,2019-08-01,8085,"Total expenditures accrual",NA,"OK",NA
"rw","Germany","Expenditures","2019-09-01",8085,NA,NA,NA,NA,NA,NA,NA,2019-09-01,8085,"Total expenditures accrual",NA,"OK",NA
"rw","Germany","Expenditures","2019-09-07",8085,NA,NA,NA,NA,NA,NA,NA,2019-09-01,8085,"Total expenditures accrual",NA,"OK",NA
"rw","Germany","Expenditures","2019-09-15",8488,NA,NA,NA,NA,NA,NA,NA,2019-09-01,8488,"Total expenditures accrual",NA,"OK",NA
"rw","Germany","Expenditures","2019-09-27",8488,NA,NA,NA,NA,NA,NA,NA,2019-09-01,8488,"Total expenditures accrual",NA,"OK",NA
"rw","Germany","Expenditures","2019-10-01",8488,NA,NA,NA,NA,NA,NA,NA,2019-10-01,8488,"Total expenditures accrual",NA,"OK",NA
"rw","Germany","Expenditures","2019-10-02",8488,NA,NA,NA,NA,NA,NA,NA,2019-10-01,8488,"Total expenditures accrual",NA,"OK",NA
"rw","Germany","Expenditures","2019-10-15",8488,NA,NA,NA,NA,NA,NA,NA,2019-10-01,8488,"Total expenditures accrual",NA,"OK",NA
"rw","Germany","Expenditures","2019-10-27",8488,NA,NA,NA,NA,NA,NA,NA,2019-10-01,8488,"Total expenditures accrual",NA,"OK",NA
"rw","Germany","Expenditures","2019-11-01",8488,NA,NA,NA,NA,NA,NA,NA,2019-11-01,8488,"Total expenditures accrual",NA,"OK",NA
"rw","Germany","Expenditures","2019-11-05",8488,NA,NA,NA,NA,NA,NA,NA,2019-11-01,8488,"Total expenditures accrual",NA,"OK",NA
"rw","Germany","Expenditures","2019-11-15",8488,NA,NA,NA,NA,NA,NA,NA,2019-11-01,8488,"Total expenditures accrual",NA,"OK",NA
"rw","Germany","Expenditures","2019-11-27",8488,NA,NA,NA,NA,NA,NA,NA,2019-11-01,8488,"Total expenditures accrual",NA,"OK",NA
"rw","Germany","Expenditures","2019-12-01",8488,NA,NA,NA,NA,NA,NA,NA,2019-12-01,8488,"Total expenditures accrual",NA,"OK",NA
"rw","Germany","Expenditures","2019-12-07",8488,NA,NA,NA,NA,NA,NA,NA,2019-12-01,8488,"Total expenditures accrual",NA,"OK",NA
"rw","Germany","Expenditures","2019-12-15",1616,NA,NA,NA,NA,NA,NA,NA,2019-12-01,1616,"Total expenditures accrual",NA,"OK",NA
"rw","Germany","Expenditures","2019-12-27",1616,NA,NA,NA,NA,NA,NA,NA,2019-12-01,1616,"Total expenditures accrual",NA,"OK",NA
"rw","Germany","Expenditures","2020-01-01",1616,NA,NA,NA,NA,NA,NA,NA,2020-01-01,1616,"Total expenditures accrual",NA,"OK",NA
"rw","Germany","Expenditures","2020-01-03",1616,NA,NA,NA,NA,NA,NA,NA,2020-01-01,1616,"Total expenditures accrual",NA,"OK",NA
"rw","Germany","Expenditures","2020-01-15",1616,NA,NA,NA,NA,NA,NA,NA,2020-01-01,1616,"Total expenditures accrual",NA,"OK",NA
"rw","Germany","Expenditures","2020-01-27",1616,NA,NA,NA,NA,NA,NA,NA,2020-01-01,1616,"Total expenditures accrual",NA,"OK",NA
"rw","Germany","Expenditures","2020-02-01",1616,NA,NA,NA,NA,NA,NA,NA,2020-02-01,1616,"Total expenditures accrual",NA,"OK",NA
"rw","Germany","Expenditures","2020-02-06",1616,NA,NA,NA,NA,NA,NA,NA,2020-02-01,1616,"Total expenditures accrual",NA,"OK",NA
"rw","Germany","Expenditures","2020-02-15",1616,NA,NA,NA,NA,NA,NA,NA,2020-02-01,1616,"Total expenditures accrual",NA,"OK",NA
"rw","Germany","Expenditures","2020-02-27",1616,NA,NA,NA,NA,NA,NA,NA,2020-02-01,1616,"Total expenditures accrual",NA,"OK",NA
"rw","Germany","Expenditures","2020-03-01",1616,NA,NA,NA,NA,NA,NA,NA,2020-03-01,1616,"Total expenditures accrual",NA,"OK",NA
"rw","Germany","Expenditures","2020-03-07",1616,NA,NA,NA,NA,NA,NA,NA,2020-03-01,1616,"Total expenditures accrual",NA,"OK",NA
"rw","Germany","Expenditures","2020-03-15",8720,NA,NA,NA,NA,NA,NA,NA,2020-03-01,8720,"Total expenditures accrual",NA,"OK",NA
"rw","Germany","Expenditures","2020-03-27",8720,NA,NA,NA,NA,NA,NA,NA,2020-03-01,8720,"Total expenditures accrual",NA,"OK",NA
"rw","Germany","Expenditures","2020-04-01",8720,NA,NA,NA,NA,NA,NA,NA,2020-04-01,8720,"Total expenditures accrual",NA,"OK",NA
"rw","Germany","Expenditures","2020-04-03",8720,NA,NA,NA,NA,NA,NA,NA,2020-04-01,8720,"Total expenditures accrual",NA,"OK",NA
"rw","Germany","Expenditures","2020-04-15",8720,NA,NA,NA,NA,NA,NA,NA,2020-04-01,8720,"Total expenditures accrual",NA,"OK",NA
"rw","Germany","Expenditures","2020-04-27",8720,NA,NA,NA,NA,NA,NA,NA,2020-04-01,8720,"Total expenditures accrual",NA,"OK",NA
"rw","Germany","Expenditures","2020-05-01",8720,NA,NA,NA,NA,NA,NA,NA,2020-05-01,8720,"Total expenditures accrual",NA,"OK",NA
"rw","Germany","Expenditures","2020-05-05",8720,NA,NA,NA,NA,NA,NA,NA,2020-05-01,8720,"Total expenditures accrual",NA,"OK",NA
"rw","Germany","Expenditures","2020-05-15",8720,NA,NA,NA,NA,NA,NA,NA,2020-05-01,8720,"Total expenditures accrual",NA,"OK",NA
"rw","Germany","Expenditures","2020-05-27",8720,NA,NA,NA,NA,NA,NA,NA,2020-05-01,8720,"Total expenditures accrual",NA,"OK",NA
"rw","Germany","Expenditures","2020-06-01",8720,NA,NA,NA,NA,NA,NA,NA,2020-06-01,8720,"Total expenditures accrual",NA,"OK",NA
"rw","Germany","Expenditures","2020-06-15",32829,NA,NA,NA,NA,NA,NA,NA,2020-06-01,32829,"Total expenditures accrual",NA,"OK",NA
"rw","Germany","Expenditures","2020-06-27",32829,NA,NA,NA,NA,NA,NA,NA,2020-06-01,32829,"Total expenditures accrual",NA,"OK",NA
"rw","Germany","Expenditures","2020-07-01",32829,NA,NA,NA,NA,NA,NA,NA,2020-07-01,32829,"Total expenditures accrual",NA,"OK",NA
"rw","Germany","Expenditures","2020-07-03",32829,NA,NA,NA,NA,NA,NA,NA,2020-07-01,32829,"Total expenditures accrual",NA,"OK",NA
"rw","Germany","Expenditures","2020-07-15",32829,NA,NA,NA,NA,NA,NA,NA,2020-07-01,32829,"Total expenditures accrual",NA,"OK",NA
"rw","Germany","Expenditures","2020-07-27",32829,NA,NA,NA,NA,NA,NA,NA,2020-07-01,32829,"Total expenditures accrual",NA,"OK",NA
"rw","Germany","Expenditures","2020-08-01",32829,NA,NA,NA,NA,NA,NA,NA,2020-08-01,32829,"Total expenditures accrual",NA,"OK",NA
"rw","Germany","Expenditures","2020-08-06",32829,NA,NA,NA,NA,NA,NA,NA,2020-08-01,32829,"Total expenditures accrual",NA,"OK",NA
"rw","Germany","Expenditures","2020-08-15",32829,NA,NA,NA,NA,NA,NA,NA,2020-08-01,32829,"Total expenditures accrual",NA,"OK",NA
"rw","Germany","Expenditures","2020-08-27",32829,NA,NA,NA,NA,NA,NA,NA,2020-08-01,32829,"Total expenditures accrual",NA,"OK",NA
"rw","Germany","Expenditures","2020-09-01",32829,NA,NA,NA,NA,NA,NA,NA,2020-09-01,32829,"Total expenditures accrual",NA,"OK",NA
"rw","Germany","Expenditures","2020-09-02",32829,NA,NA,NA,NA,NA,NA,NA,2020-09-01,32829,"Total expenditures accrual",NA,"OK",NA
"rw","Germany","Expenditures","2020-09-15",-6100,NA,NA,NA,NA,NA,NA,NA,2020-09-01,-6100,"Total expenditures accrual",NA,"OK",NA
"rw","Germany","Expenditures","2020-09-27",-6100,NA,NA,NA,NA,NA,NA,NA,2020-09-01,-6100,"Total expenditures accrual",NA,"OK",NA
"rw","Germany","Expenditures","2020-10-01",-6100,NA,NA,NA,NA,NA,NA,NA,2020-10-01,-6100,"Total expenditures accrual",NA,"OK",NA
"rw","Germany","Expenditures","2020-10-04",-6100,NA,NA,NA,NA,NA,NA,NA,2020-10-01,-6100,"Total expenditures accrual",NA,"OK",NA
"rw","Germany","Expenditures","2020-10-15",-6100,NA,NA,NA,NA,NA,NA,NA,2020-10-01,-6100,"Total expenditures accrual",NA,"OK",NA
"rw","Germany","Expenditures","2020-10-27",-6100,NA,NA,NA,NA,NA,NA,NA,2020-10-01,-6100,"Total expenditures accrual",NA,"OK",NA
"rw","Germany","Expenditures","2020-11-01",-6100,NA,NA,NA,NA,NA,NA,NA,2020-11-01,-6100,"Total expenditures accrual",NA,"OK",NA
"rw","Germany","Expenditures","2020-11-07",-6100,NA,NA,NA,NA,NA,NA,NA,2020-11-01,-6100,"Total expenditures accrual",NA,"OK",NA
"rw","Germany","Expenditures","2020-11-15",-6100,NA,NA,NA,NA,NA,NA,NA,2020-11-01,-6100,"Total expenditures accrual",NA,"OK",NA
"rw","Germany","Expenditures","2020-11-27",-6100,NA,NA,NA,NA,NA,NA,NA,2020-11-01,-6100,"Total expenditures accrual",NA,"OK",NA
"rw","Germany","Expenditures","2020-12-01",-6100,NA,NA,NA,NA,NA,NA,NA,2020-12-01,-6100,"Total expenditures accrual",NA,"OK",NA
"rw","Germany","Expenditures","2020-12-02",-6100,NA,NA,NA,NA,NA,NA,NA,2020-12-01,-6100,"Total expenditures accrual",NA,"OK",NA
"rw","Germany","Expenditures","2020-12-15",2093,NA,NA,NA,NA,NA,NA,NA,2020-12-01,2093,"Total expenditures accrual",NA,"OK",NA
"rw","Germany","Expenditures","2020-12-27",2093,NA,NA,NA,NA,NA,NA,NA,2020-12-01,2093,"Total expenditures accrual",NA,"OK",NA
"rw","Germany","Expenditures","2021-01-01",2093,NA,NA,NA,NA,NA,NA,NA,2021-01-01,2093,"Total expenditures accrual",NA,"OK",NA
"rw","Germany","Expenditures","2021-01-05",2093,NA,NA,NA,NA,NA,NA,NA,2021-01-01,2093,"Total expenditures accrual",NA,"OK",NA
"rw","Germany","Expenditures","2021-01-15",2093,NA,NA,NA,NA,NA,NA,NA,2021-01-01,2093,"Total expenditures accrual",NA,"OK",NA
"rw","Germany","Expenditures","2021-01-27",2093,NA,NA,NA,NA,NA,NA,NA,2021-01-01,2093,"Total expenditures accrual",NA,"OK",NA
"rw","Germany","Expenditures","2021-02-01",2093,NA,NA,NA,NA,NA,NA,NA,2021-02-01,2093,"Total expenditures accrual",NA,"OK",NA
"rw","Germany","Expenditures","2021-02-15",2093,NA,NA,NA,NA,NA,NA,NA,2021-02-01,2093,"Total expenditures accrual",NA,"OK",NA
"rw","Germany","Expenditures","2021-02-27",2093,NA,NA,NA,NA,NA,NA,NA,2021-02-01,2093,"Total expenditures accrual",NA,"OK",NA
"rw","Germany","Expenditures","2021-03-01",2093,NA,NA,NA,NA,NA,NA,NA,2021-03-01,2093,"Total expenditures accrual",NA,"OK",NA
"rw","Germany","Expenditures","2021-03-15",13315,NA,NA,NA,NA,NA,NA,NA,2021-03-01,13315,"Total expenditures accrual",NA,"OK",NA
"rw","Germany","Expenditures","2021-03-27",13315,NA,NA,NA,NA,NA,NA,NA,2021-03-01,13315,"Total expenditures accrual",NA,"OK",NA
"rw","Germany","Expenditures","2021-04-01",13315,NA,NA,NA,NA,NA,NA,NA,2021-04-01,13315,"Total expenditures accrual",NA,"OK",NA
"rw","Germany","Expenditures","2021-04-04",13315,NA,NA,NA,NA,NA,NA,NA,2021-04-01,13315,"Total expenditures accrual",NA,"OK",NA
"rw","Germany","Expenditures","2021-04-15",13315,NA,NA,NA,NA,NA,NA,NA,2021-04-01,13315,"Total expenditures accrual",NA,"OK",NA
"rw","Germany","Expenditures","2021-04-27",13315,NA,NA,NA,NA,NA,NA,NA,2021-04-01,13315,"Total expenditures accrual",NA,"OK",NA
"rw","Germany","Expenditures","2021-05-01",13315,NA,NA,NA,NA,NA,NA,NA,2021-05-01,13315,"Total expenditures accrual",NA,"OK",NA
"rw","Germany","Expenditures","2021-05-06",13315,NA,NA,NA,NA,NA,NA,NA,2021-05-01,13315,"Total expenditures accrual",NA,"OK",NA
"rw","Germany","Expenditures","2021-05-15",13315,NA,NA,NA,NA,NA,NA,NA,2021-05-01,13315,"Total expenditures accrual",NA,"OK",NA
"rw","Germany","Expenditures","2021-05-27",13315,NA,NA,NA,NA,NA,NA,NA,2021-05-01,13315,"Total expenditures accrual",NA,"OK",NA
"rw","Germany","Expenditures","2021-06-01",13315,NA,NA,NA,NA,NA,NA,NA,2021-06-01,13315,"Total expenditures accrual",NA,"OK",NA
"rw","Germany","Expenditures","2021-06-02",13315,NA,NA,NA,NA,NA,NA,NA,2021-06-01,13315,"Total expenditures accrual",NA,"OK",NA
"rw","Germany","Expenditures","2021-06-15",5055,NA,NA,NA,NA,NA,NA,NA,2021-06-01,5055,"Total expenditures accrual",NA,"OK",NA
"rw","Germany","Expenditures","2021-06-27",5055,NA,NA,NA,NA,NA,NA,NA,2021-06-01,5055,"Total expenditures accrual",NA,"OK",NA
"rw","Germany","Expenditures","2021-07-01",5055,NA,NA,NA,NA,NA,NA,NA,2021-07-01,5055,"Total expenditures accrual",NA,"OK",NA
"rw","Germany","Expenditures","2021-07-04",5055,NA,NA,NA,NA,NA,NA,NA,2021-07-01,5055,"Total expenditures accrual",NA,"OK",NA
"rw","Germany","Expenditures","2021-07-15",5055,NA,NA,NA,NA,NA,NA,NA,2021-07-01,5055,"Total expenditures accrual",NA,"OK",NA
"rw","Germany","Expenditures","2021-07-27",5055,NA,NA,NA,NA,NA,NA,NA,2021-07-01,5055,"Total expenditures accrual",NA,"OK",NA
"rw","Germany","Expenditures","2021-08-01",5055,NA,NA,NA,NA,NA,NA,NA,2021-08-01,5055,"Total expenditures accrual",NA,"OK",NA
"rw","Germany","Expenditures","2021-08-07",5055,NA,NA,NA,NA,NA,NA,NA,2021-08-01,5055,"Total expenditures accrual",NA,"OK",NA
"rw","Germany","Expenditures","2021-08-15",5055,NA,NA,NA,NA,NA,NA,NA,2021-08-01,5055,"Total expenditures accrual",NA,"OK",NA
"rw","Germany","Expenditures","2021-08-27",5055,NA,NA,NA,NA,NA,NA,NA,2021-08-01,5055,"Total expenditures accrual",NA,"OK",NA
"rw","Germany","Expenditures","2021-09-01",5055,NA,NA,NA,NA,NA,NA,NA,2021-09-01,5055,"Total expenditures accrual",NA,"OK",NA
"rw","Germany","Expenditures","2021-09-03",5055,NA,NA,NA,NA,NA,NA,NA,2021-09-01,5055,"Total expenditures accrual",NA,"OK",NA
"rw","Germany","Expenditures","2021-09-15",-3156,NA,NA,NA,NA,NA,NA,NA,2021-09-01,-3156,"Total expenditures accrual",NA,"OK",NA
"rw","Germany","Expenditures","2021-09-27",-3156,NA,NA,NA,NA,NA,NA,NA,2021-09-01,-3156,"Total expenditures accrual",NA,"OK",NA
"rw","Germany","Expenditures","2021-10-01",-3156,NA,NA,NA,NA,NA,NA,NA,2021-10-01,-3156,"Total expenditures accrual",NA,"OK",NA
"rw","Germany","Expenditures","2021-10-05",-3156,NA,NA,NA,NA,NA,NA,NA,2021-10-01,-3156,"Total expenditures accrual",NA,"OK",NA
"rw","Germany","Expenditures","2021-10-15",-3156,NA,NA,NA,NA,NA,NA,NA,2021-10-01,-3156,"Total expenditures accrual",NA,"OK",NA
"rw","Germany","Expenditures","2021-10-27",-3156,NA,NA,NA,NA,NA,NA,NA,2021-10-01,-3156,"Total expenditures accrual",NA,"OK",NA
"rw","Germany","Expenditures","2021-11-01",-3156,NA,NA,NA,NA,NA,NA,NA,2021-11-01,-3156,"Total expenditures accrual",NA,"OK",NA
"rw","Germany","Expenditures","2021-11-15",-3156,NA,NA,NA,NA,NA,NA,NA,2021-11-01,-3156,"Total expenditures accrual",NA,"OK",NA
"rw","Germany","Expenditures","2021-11-27",-3156,NA,NA,NA,NA,NA,NA,NA,2021-11-01,-3156,"Total expenditures accrual",NA,"OK",NA
"rw","Germany","Expenditures","2021-12-01",-3156,NA,NA,NA,NA,NA,NA,NA,2021-12-01,-3156,"Total expenditures accrual",NA,"OK",NA
"rw","Germany","Expenditures","2021-12-03",-3156,NA,NA,NA,NA,NA,NA,NA,2021-12-01,-3156,"Total expenditures accrual",NA,"OK",NA
"rw","Germany","Expenditures","2021-12-15",13014,NA,NA,NA,NA,NA,NA,NA,2021-12-01,13014,"Total expenditures accrual",NA,"OK",NA
"rw","Germany","Expenditures","2021-12-27",13014,NA,NA,NA,NA,NA,NA,NA,2021-12-01,13014,"Total expenditures accrual",NA,"OK",NA
"rw","Germany","Expenditures","2022-01-01",13014,NA,NA,NA,NA,NA,NA,NA,2022-01-01,13014,"Total expenditures accrual",NA,"OK",NA
"rw","Germany","Expenditures","2022-01-06",13014,NA,NA,NA,NA,NA,NA,NA,2022-01-01,13014,"Total expenditures accrual",NA,"OK",NA
"rw","Germany","Expenditures","2022-01-15",13014,NA,NA,NA,NA,NA,NA,NA,2022-01-01,13014,"Total expenditures accrual",NA,"OK",NA
"rw","Germany","Expenditures","2022-01-27",13014,NA,NA,NA,NA,NA,NA,NA,2022-01-01,13014,"Total expenditures accrual",NA,"OK",NA
"rw","Germany","Expenditures","2022-02-01",13014,NA,NA,NA,NA,NA,NA,NA,2022-02-01,13014,"Total expenditures accrual",NA,"OK",NA
"rw","Germany","Expenditures","2022-02-02",13014,NA,NA,NA,NA,NA,NA,NA,2022-02-01,13014,"Total expenditures accrual",NA,"OK",NA
"rw","Germany","Expenditures","2022-02-15",13014,NA,NA,NA,NA,NA,NA,NA,2022-02-01,13014,"Total expenditures accrual",NA,"OK",NA
"rw","Germany","Expenditures","2022-02-27",13014,NA,NA,NA,NA,NA,NA,NA,2022-02-01,13014,"Total expenditures accrual",NA,"OK",NA
"rw","Germany","Expenditures","2022-03-01",13014,NA,NA,NA,NA,NA,NA,NA,2022-03-01,13014,"Total expenditures accrual",NA,"OK",NA
"rw","Germany","Expenditures","2022-03-02",13014,NA,NA,NA,NA,NA,NA,NA,2022-03-01,13014,"Total expenditures accrual",NA,"OK",NA
"rw","Germany","Expenditures","2022-03-15",-11416,NA,NA,NA,NA,NA,NA,NA,2022-03-01,-11416,"Total expenditures accrual",NA,"OK",NA
"rw","Germany","Expenditures","2022-03-27",-11416,NA,NA,NA,NA,NA,NA,NA,2022-03-01,-11416,"Total expenditures accrual",NA,"OK",NA
"rw","Germany","Expenditures","2022-04-01",-11416,NA,NA,NA,NA,NA,NA,NA,2022-04-01,-11416,"Total expenditures accrual",NA,"OK",NA
"rw","Germany","Expenditures","2022-04-05",-11416,NA,NA,NA,NA,NA,NA,NA,2022-04-01,-11416,"Total expenditures accrual",NA,"OK",NA
"rw","Germany","Expenditures","2022-04-15",-11416,NA,NA,NA,NA,NA,NA,NA,2022-04-01,-11416,"Total expenditures accrual",NA,"OK",NA
"rw","Germany","Expenditures","2022-04-27",-11416,NA,NA,NA,NA,NA,NA,NA,2022-04-01,-11416,"Total expenditures accrual",NA,"OK",NA
"rw","Germany","Expenditures","2022-05-01",-11416,NA,NA,NA,NA,NA,NA,NA,2022-05-01,-11416,"Total expenditures accrual",NA,"OK",NA
"rw","Germany","Expenditures","2022-05-07",-11416,NA,NA,NA,NA,NA,NA,NA,2022-05-01,-11416,"Total expenditures accrual",NA,"OK",NA
"rw","Germany","Expenditures","2022-05-15",-11416,NA,NA,NA,NA,NA,NA,NA,2022-05-01,-11416,"Total expenditures accrual",NA,"OK",NA
"rw","Germany","Expenditures","2022-05-27",-11416,NA,NA,NA,NA,NA,NA,NA,2022-05-01,-11416,"Total expenditures accrual",NA,"OK",NA
"rw","Germany","Expenditures","2022-06-01",-11416,NA,NA,NA,NA,NA,NA,NA,2022-06-01,-11416,"Total expenditures accrual",NA,"OK",NA
"rw","Germany","Expenditures","2022-06-03",-11416,NA,NA,NA,NA,NA,NA,NA,2022-06-01,-11416,"Total expenditures accrual",NA,"OK",NA
"rw","Germany","Expenditures","2022-06-15",2451,NA,NA,NA,NA,NA,NA,NA,2022-06-01,2451,"Total expenditures accrual",NA,"OK",NA
"rw","Germany","Expenditures","2022-06-27",2451,NA,NA,NA,NA,NA,NA,NA,2022-06-01,2451,"Total expenditures accrual",NA,"OK",NA
"rw","Germany","Expenditures","2022-07-01",2451,NA,NA,NA,NA,NA,NA,NA,2022-07-01,2451,"Total expenditures accrual",NA,"OK",NA
"rw","Germany","Expenditures","2022-07-05",2451,NA,NA,NA,NA,NA,NA,NA,2022-07-01,2451,"Total expenditures accrual",NA,"OK",NA
"rw","Germany","Expenditures","2022-07-15",2451,NA,NA,NA,NA,NA,NA,NA,2022-07-01,2451,"Total expenditures accrual",NA,"OK",NA
"rw","Germany","Expenditures","2022-07-27",2451,NA,NA,NA,NA,NA,NA,NA,2022-07-01,2451,"Total expenditures accrual",NA,"OK",NA
"rw","Germany","Expenditures","2022-08-01",2451,NA,NA,NA,NA,NA,NA,NA,2022-08-01,2451,"Total expenditures accrual",NA,"OK",NA
"rw","Germany","Expenditures","2022-08-15",2451,NA,NA,NA,NA,NA,NA,NA,2022-08-01,2451,"Total expenditures accrual",NA,"OK",NA
"rw","Germany","Expenditures","2022-08-27",2451,NA,NA,NA,NA,NA,NA,NA,2022-08-01,2451,"Total expenditures accrual",NA,"OK",NA
"rw","Germany","Expenditures","2022-09-01",2451,NA,NA,NA,NA,NA,NA,NA,2022-09-01,2451,"Total expenditures accrual",NA,"OK",NA
"rw","Germany","Expenditures","2022-09-04",2451,NA,NA,NA,NA,NA,NA,NA,2022-09-01,2451,"Total expenditures accrual",NA,"OK",NA
"rw","Germany","Expenditures","2022-09-15",24559,NA,NA,NA,NA,NA,NA,NA,2022-09-01,24559,"Total expenditures accrual",NA,"OK",NA
"rw","Germany","Expenditures","2022-09-27",24559,NA,NA,NA,NA,NA,NA,NA,2022-09-01,24559,"Total expenditures accrual",NA,"OK",NA
"rw","Germany","Expenditures","2022-10-01",24559,NA,NA,NA,NA,NA,NA,NA,2022-10-01,24559,"Total expenditures accrual",NA,"OK",NA
"rw","Germany","Expenditures","2022-10-06",24559,NA,NA,NA,NA,NA,NA,NA,2022-10-01,24559,"Total expenditures accrual",NA,"OK",NA
"rw","Germany","Expenditures","2022-10-15",24559,NA,NA,NA,NA,NA,NA,NA,2022-10-01,24559,"Total expenditures accrual",NA,"OK",NA
"rw","Germany","Expenditures","2022-10-27",24559,NA,NA,NA,NA,NA,NA,NA,2022-10-01,24559,"Total expenditures accrual",NA,"OK",NA
"rw","Germany","Expenditures","2022-11-01",24559,NA,NA,NA,NA,NA,NA,NA,2022-11-01,24559,"Total expenditures accrual",NA,"OK",NA
"rw","Germany","Expenditures","2022-11-02",24559,NA,NA,NA,NA,NA,NA,NA,2022-11-01,24559,"Total expenditures accrual",NA,"OK",NA
"rw","Germany","Expenditures","2022-11-15",24559,NA,NA,NA,NA,NA,NA,NA,2022-11-01,24559,"Total expenditures accrual",NA,"OK",NA
"rw","Germany","Expenditures","2022-11-27",24559,NA,NA,NA,NA,NA,NA,NA,2022-11-01,24559,"Total expenditures accrual",NA,"OK",NA
"rw","Germany","Expenditures","2022-12-01",24559,NA,NA,NA,NA,NA,NA,NA,2022-12-01,24559,"Total expenditures accrual",NA,"OK",NA
"rw","Germany","Expenditures","2022-12-04",24559,NA,NA,NA,NA,NA,NA,NA,2022-12-01,24559,"Total expenditures accrual",NA,"OK",NA
"rw","Germany","Expenditures","2022-12-15",24797,NA,NA,NA,NA,NA,NA,NA,2022-12-01,24797,"Total expenditures accrual",NA,"OK",NA
"rw","Germany","Expenditures","2022-12-27",24797,NA,NA,NA,NA,NA,NA,NA,2022-12-01,24797,"Total expenditures accrual",NA,"OK",NA
"rw","Germany","Expenditures","2023-01-01",24797,NA,NA,NA,NA,NA,NA,NA,2023-01-01,24797,"Total expenditures accrual",NA,"OK",NA
"rw","Germany","Expenditures","2023-01-07",24797,NA,NA,NA,NA,NA,NA,NA,2023-01-01,24797,"Total expenditures accrual",NA,"OK",NA
"rw","Germany","Expenditures","2023-01-15",24797,NA,NA,NA,NA,NA,NA,NA,2023-01-01,24797,"Total expenditures accrual",NA,"OK",NA
"rw","Germany","Expenditures","2023-01-27",24797,NA,NA,NA,NA,NA,NA,NA,2023-01-01,24797,"Total expenditures accrual",NA,"OK",NA
"rw","Germany","Expenditures","2023-02-01",24797,NA,NA,NA,NA,NA,NA,NA,2023-02-01,24797,"Total expenditures accrual",NA,"OK",NA
"rw","Germany","Expenditures","2023-02-03",24797,NA,NA,NA,NA,NA,NA,NA,2023-02-01,24797,"Total expenditures accrual",NA,"OK",NA
"rw","Germany","Expenditures","2023-02-15",24797,NA,NA,NA,NA,NA,NA,NA,2023-02-01,24797,"Total expenditures accrual",NA,"OK",NA
"rw","Germany","Expenditures","2023-02-27",24797,NA,NA,NA,NA,NA,NA,NA,2023-02-01,24797,"Total expenditures accrual",NA,"OK",NA
"rw","Germany","Expenditures","2023-03-01",24797,NA,NA,NA,NA,NA,NA,NA,2023-03-01,24797,"Total expenditures accrual",NA,"OK",NA
"rw","Germany","Expenditures","2023-03-03",24797,NA,NA,NA,NA,NA,NA,NA,2023-03-01,24797,"Total expenditures accrual",NA,"OK",NA
"rw","Germany","Expenditures","2023-03-15",-19632,NA,NA,NA,NA,NA,NA,NA,2023-03-01,-19632,"Total expenditures accrual",NA,"OK",NA
"rw","Germany","Expenditures","2023-03-27",-19632,NA,NA,NA,NA,NA,NA,NA,2023-03-01,-19632,"Total expenditures accrual",NA,"OK",NA
"rw","Germany","Expenditures","2023-04-01",-19632,NA,NA,NA,NA,NA,NA,NA,2023-04-01,-19632,"Total expenditures accrual",NA,"OK",NA
"rw","Germany","Expenditures","2023-04-06",-19632,NA,NA,NA,NA,NA,NA,NA,2023-04-01,-19632,"Total expenditures accrual",NA,"OK",NA
"rw","Germany","Expenditures","2023-04-15",-19632,NA,NA,NA,NA,NA,NA,NA,2023-04-01,-19632,"Total expenditures accrual",NA,"OK",NA
"rw","Germany","Expenditures","2023-04-27",-19632,NA,NA,NA,NA,NA,NA,NA,2023-04-01,-19632,"Total expenditures accrual",NA,"OK",NA
"rw","Germany","Expenditures","2023-05-01",-19632,NA,NA,NA,NA,NA,NA,NA,2023-05-01,-19632,"Total expenditures accrual",NA,"OK",NA
"rw","Germany","Expenditures","2023-05-15",-19632,NA,NA,NA,NA,NA,NA,NA,2023-05-01,-19632,"Total expenditures accrual",NA,"OK",NA
"rw","Germany","Expenditures","2023-05-27",-19632,NA,NA,NA,NA,NA,NA,NA,2023-05-01,-19632,"Total expenditures accrual",NA,"OK",NA
"rw","Germany","Expenditures","2023-06-01",-19632,NA,NA,NA,NA,NA,NA,NA,2023-06-01,-19632,"Total expenditures accrual",NA,"OK",NA
"rw","Germany","Expenditures","2023-06-04",-19632,NA,NA,NA,NA,NA,NA,NA,2023-06-01,-19632,"Total expenditures accrual",NA,"OK",NA
"rw","Germany","Expenditures","2023-06-15",5057,NA,NA,NA,NA,NA,NA,NA,2023-06-01,5057,"Total expenditures accrual",NA,"OK",NA
"rw","Germany","Expenditures","2023-06-27",5057,NA,NA,NA,NA,NA,NA,NA,2023-06-01,5057,"Total expenditures accrual",NA,"OK",NA
"rw","Germany","Expenditures","2023-07-01",5057,NA,NA,NA,NA,NA,NA,NA,2023-07-01,5057,"Total expenditures accrual",NA,"OK",NA
"rw","Germany","Expenditures","2023-07-06",5057,NA,NA,NA,NA,NA,NA,NA,2023-07-01,5057,"Total expenditures accrual",NA,"OK",NA
"rw","Germany","Expenditures","2023-07-15",5057,NA,NA,NA,NA,NA,NA,NA,2023-07-01,5057,"Total expenditures accrual",NA,"OK",NA
"rw","Germany","Expenditures","2023-07-27",5057,NA,NA,NA,NA,NA,NA,NA,2023-07-01,5057,"Total expenditures accrual",NA,"OK",NA
"rw","Germany","Expenditures","2023-08-01",5057,NA,NA,NA,NA,NA,NA,NA,2023-08-01,5057,"Total expenditures accrual",NA,"OK",NA
"rw","Germany","Expenditures","2023-08-02",5057,NA,NA,NA,NA,NA,NA,NA,2023-08-01,5057,"Total expenditures accrual",NA,"OK",NA
"rw","Germany","Expenditures","2023-08-15",5057,NA,NA,NA,NA,NA,NA,NA,2023-08-01,5057,"Total expenditures accrual",NA,"OK",NA
"rw","Germany","Expenditures","2023-08-27",5057,NA,NA,NA,NA,NA,NA,NA,2023-08-01,5057,"Total expenditures accrual",NA,"OK",NA
"rw","Germany","Expenditures","2023-09-01",5057,NA,NA,NA,NA,NA,NA,NA,2023-09-01,5057,"Total expenditures accrual",NA,"OK",NA
"rw","Germany","Expenditures","2023-09-05",5057,NA,NA,NA,NA,NA,NA,NA,2023-09-01,5057,"Total expenditures accrual",NA,"OK",NA
"rw","Germany","Expenditures","2023-09-15",10647,NA,NA,NA,NA,NA,NA,NA,2023-09-01,10647,"Total expenditures accrual",NA,"OK",NA
"rw","Germany","Expenditures","2023-09-27",10647,NA,NA,NA,NA,NA,NA,NA,2023-09-01,10647,"Total expenditures accrual",NA,"OK",NA
"rw","Germany","Expenditures","2023-10-01",10647,NA,NA,NA,NA,NA,NA,NA,2023-10-01,10647,"Total expenditures accrual",NA,"OK",NA
"rw","Germany","Expenditures","2023-10-07",10647,NA,NA,NA,NA,NA,NA,NA,2023-10-01,10647,"Total expenditures accrual",NA,"OK",NA
"rw","Germany","Expenditures","2023-10-15",10647,NA,NA,NA,NA,NA,NA,NA,2023-10-01,10647,"Total expenditures accrual",NA,"OK",NA
"rw","Germany","Expenditures","2023-10-27",10647,NA,NA,NA,NA,NA,NA,NA,2023-10-01,10647,"Total expenditures accrual",NA,"OK",NA
"rw","Germany","Expenditures","2023-11-01",10647,NA,NA,NA,NA,NA,NA,NA,2023-11-01,10647,"Total expenditures accrual",NA,"OK",NA
"rw","Germany","Expenditures","2023-11-03",10647,NA,NA,NA,NA,NA,NA,NA,2023-11-01,10647,"Total expenditures accrual",NA,"OK",NA
"rw","Germany","Expenditures","2023-11-15",10647,NA,NA,NA,NA,NA,NA,NA,2023-11-01,10647,"Total expenditures accrual",NA,"OK",NA
"rw","Germany","Expenditures","2023-11-27",10647,NA,NA,NA,NA,NA,NA,NA,2023-11-01,10647,"Total expenditures accrual",NA,"OK",NA
"rw","Germany","Expenditures","2023-12-01",10647,NA,NA,NA,NA,NA,NA,NA,2023-12-01,10647,"Total expenditures accrual",NA,"OK",NA
"rw","Germany","Expenditures","2023-12-05",10647,NA,NA,NA,NA,NA,NA,NA,2023-12-01,10647,"Total expenditures accrual",NA,"OK",NA
"rw","Germany","Expenditures","2023-12-15",8328,NA,NA,NA,NA,NA,NA,NA,2023-12-01,8328,"Total expenditures accrual",NA,"OK",NA
"rw","Germany","Expenditures","2023-12-27",8328,NA,NA,NA,NA,NA,NA,NA,2023-12-01,8328,"Total expenditures accrual",NA,"OK",NA
"rw","Germany","Expenditures","2024-01-01",8328,NA,NA,NA,NA,NA,NA,NA,2024-01-01,8328,"Total expenditures accrual",NA,"OK",NA
"rw","Germany","Expenditures","2024-01-15",8328,NA,NA,NA,NA,NA,NA,NA,2024-01-01,8328,"Total expenditures accrual",NA,"OK",NA
"rw","Germany","Expenditures","2024-01-27",8328,NA,NA,NA,NA,NA,NA,NA,2024-01-01,8328,"Total expenditures accrual",NA,"OK",NA
"rw","Germany","Expenditures","2024-02-01",8328,NA,NA,NA,NA,NA,NA,NA,2024-02-01,8328,"Total expenditures accrual",NA,"OK",NA
"rw","Germany","Expenditures","2024-02-04",8328,NA,NA,NA,NA,NA,NA,NA,2024-02-01,8328,"Total expenditures accrual",NA,"OK",NA
"rw","Germany","Expenditures","2024-02-15",8328,NA,NA,NA,NA,NA,NA,NA,2024-02-01,8328,"Total expenditures accrual",NA,"OK",NA
"rw","Germany","Expenditures","2024-02-27",8328,NA,NA,NA,NA,NA,NA,NA,2024-02-01,8328,"Total expenditures accrual",NA,"OK",NA
"rw","Germany","Expenditures","2024-03-01",8328,NA,NA,NA,NA,NA,NA,NA,2024-03-01,8328,"Total expenditures accrual",NA,"OK",NA
"rw","Germany","Expenditures","2024-03-05",8328,NA,NA,NA,NA,NA,NA,NA,2024-03-01,8328,"Total expenditures accrual",NA,"OK",NA
"rw","Germany","Expenditures","2024-03-15",4808,NA,NA,NA,NA,NA,NA,NA,2024-03-01,4808,"Total expenditures accrual",NA,"OK",NA
"rw","Germany","Expenditures","2024-03-27",4808,NA,NA,NA,NA,NA,NA,NA,2024-03-01,4808,"Total expenditures accrual",NA,"OK",NA
"rw","Germany","Expenditures","2024-04-01",4808,NA,NA,NA,NA,NA,NA,NA,2024-04-01,4808,"Total expenditures accrual",NA,"OK",NA
"rw","Germany","Expenditures","2024-04-15",4808,NA,NA,NA,NA,NA,NA,NA,2024-04-01,4808,"Total expenditures accrual",NA,"OK",NA
"rw","Germany","Expenditures","2024-04-27",4808,NA,NA,NA,NA,NA,NA,NA,2024-04-01,4808,"Total expenditures accrual",NA,"OK",NA
"rw","Germany","Expenditures","2024-05-01",4808,NA,NA,NA,NA,NA,NA,NA,2024-05-01,4808,"Total expenditures accrual",NA,"OK",NA
"rw","Germany","Expenditures","2024-05-03",4808,NA,NA,NA,NA,NA,NA,NA,2024-05-01,4808,"Total expenditures accrual",NA,"OK",NA
"rw","Germany","Expenditures","2024-05-15",4808,NA,NA,NA,NA,NA,NA,NA,2024-05-01,4808,"Total expenditures accrual",NA,"OK",NA
"rw","Germany","Expenditures","2024-05-27",4808,NA,NA,NA,NA,NA,NA,NA,2024-05-01,4808,"Total expenditures accrual",NA,"OK",NA
"rw","Germany","Expenditures","2024-06-01",4808,NA,NA,NA,NA,NA,NA,NA,2024-06-01,4808,"Total expenditures accrual",NA,"OK",NA
"rw","Germany","Expenditures","2024-06-06",4808,NA,NA,NA,NA,NA,NA,NA,2024-06-01,4808,"Total expenditures accrual",NA,"OK",NA
"rw","Germany","Expenditures","2024-06-15",5137,NA,NA,NA,NA,NA,NA,NA,2024-06-01,5137,"Total expenditures accrual",NA,"OK",NA
"rw","Germany","Expenditures","2024-06-27",5137,NA,NA,NA,NA,NA,NA,NA,2024-06-01,5137,"Total expenditures accrual",NA,"OK",NA
"rw","Germany","Expenditures","2024-07-01",5137,NA,NA,NA,NA,NA,NA,NA,2024-07-01,5137,"Total expenditures accrual",NA,"OK",NA
"rw","Germany","Expenditures","2024-07-15",5137,NA,NA,NA,NA,NA,NA,NA,2024-07-01,5137,"Total expenditures accrual",NA,"OK",NA
"rw","Germany","Expenditures","2024-07-27",5137,NA,NA,NA,NA,NA,NA,NA,2024-07-01,5137,"Total expenditures accrual",NA,"OK",NA
"rw","Germany","Expenditures","2024-08-01",5137,NA,NA,NA,NA,NA,NA,NA,2024-08-01,5137,"Total expenditures accrual",NA,"OK",NA
"rw","Germany","Expenditures","2024-08-04",5137,NA,NA,NA,NA,NA,NA,NA,2024-08-01,5137,"Total expenditures accrual",NA,"OK",NA
"rw","Germany","Expenditures","2024-08-15",5137,NA,NA,NA,NA,NA,NA,NA,2024-08-01,5137,"Total expenditures accrual",NA,"OK",NA
"rw","Germany","Expenditures","2024-08-27",5137,NA,NA,NA,NA,NA,NA,NA,2024-08-01,5137,"Total expenditures accrual",NA,"OK",NA
"rw","Germany","Expenditures","2024-09-01",5137,NA,NA,NA,NA,NA,NA,NA,2024-09-01,5137,"Total expenditures accrual",NA,"OK",NA
"rw","Germany","Expenditures","2024-09-07",5137,NA,NA,NA,NA,NA,NA,NA,2024-09-01,5137,"Total expenditures accrual",NA,"OK",NA
"rw","Germany","Expenditures","2024-09-15",7655,NA,NA,NA,NA,NA,NA,NA,2024-09-01,7655,"Total expenditures accrual",NA,"OK",NA
"rw","Germany","Expenditures","2024-09-27",7655,NA,NA,NA,NA,NA,NA,NA,2024-09-01,7655,"Total expenditures accrual",NA,"OK",NA
"rw","Germany","Expenditures","2024-10-01",7655,NA,NA,NA,NA,NA,NA,NA,2024-10-01,7655,"Total expenditures accrual",NA,"OK",NA
"rw","Germany","Expenditures","2024-10-02",7655,NA,NA,NA,NA,NA,NA,NA,2024-10-01,7655,"Total expenditures accrual",NA,"OK",NA
"rw","Germany","Expenditures","2024-10-15",7655,NA,NA,NA,NA,NA,NA,NA,2024-10-01,7655,"Total expenditures accrual",NA,"OK",NA
"rw","Germany","Expenditures","2024-10-27",7655,NA,NA,NA,NA,NA,NA,NA,2024-10-01,7655,"Total expenditures accrual",NA,"OK",NA
"rw","Germany","Expenditures","2024-11-01",7655,NA,NA,NA,NA,NA,NA,NA,2024-11-01,7655,"Total expenditures accrual",NA,"OK",NA
"rw","Germany","Expenditures","2024-11-05",7655,NA,NA,NA,NA,NA,NA,NA,2024-11-01,7655,"Total expenditures accrual",NA,"OK",NA
"rw","Germany","Expenditures","2024-11-15",7655,NA,NA,NA,NA,NA,NA,NA,2024-11-01,7655,"Total expenditures accrual",NA,"OK",NA
"rw","Germany","Expenditures","2024-11-27",7655,NA,NA,NA,NA,NA,NA,NA,2024-11-01,7655,"Total expenditures accrual",NA,"OK",NA
"rw","Germany","Expenditures","2024-12-01",7655,NA,NA,NA,NA,NA,NA,NA,2024-12-01,7655,"Total expenditures accrual",NA,"OK",NA
"rw","Germany","Expenditures","2024-12-07",7655,NA,NA,NA,NA,NA,NA,NA,2024-12-01,7655,"Total expenditures accrual",NA,"OK",NA
"rw","Germany","Expenditures","2024-12-15",6995,NA,NA,NA,NA,NA,NA,NA,2024-12-01,6995,"Total expenditures accrual",NA,"OK",NA
"rw","Germany","Expenditures","2024-12-27",6995,NA,NA,NA,NA,NA,NA,NA,2024-12-01,6995,"Total expenditures accrual",NA,"OK",NA
"rw","Germany","Expenditures","2025-01-01",6995,NA,NA,NA,NA,NA,NA,NA,2025-01-01,6995,"Total expenditures accrual",NA,"OK",NA
"rw","Germany","Expenditures","2025-01-03",6995,NA,NA,NA,NA,NA,NA,NA,2025-01-01,6995,"Total expenditures accrual",NA,"OK",NA
"rw","Germany","Expenditures","2025-01-15",6995,NA,NA,NA,NA,NA,NA,NA,2025-01-01,6995,"Total expenditures accrual",NA,"OK",NA
"rw","Germany","Expenditures","2025-01-27",6995,NA,NA,NA,NA,NA,NA,NA,2025-01-01,6995,"Total expenditures accrual",NA,"OK",NA
"rw","Germany","Expenditures","2025-02-01",6995,NA,NA,NA,NA,NA,NA,NA,2025-02-01,6995,"Total expenditures accrual",NA,"OK",NA
"rw","Germany","Expenditures","2025-02-06",6995,NA,NA,NA,NA,NA,NA,NA,2025-02-01,6995,"Total expenditures accrual",NA,"OK",NA
"rw","Germany","Expenditures","2025-02-15",6995,NA,NA,NA,NA,NA,NA,NA,2025-02-01,6995,"Total expenditures accrual",NA,"OK",NA
"rw","Germany","Expenditures","2025-02-27",6995,NA,NA,NA,NA,NA,NA,NA,2025-02-01,6995,"Total expenditures accrual",NA,"OK",NA
"rw","Germany","Expenditures","2025-03-01",6995,NA,NA,NA,NA,NA,NA,NA,2025-03-01,6995,"Total expenditures accrual",NA,"OK",NA
"rw","Germany","Expenditures","2025-03-06",6995,NA,NA,NA,NA,NA,NA,NA,2025-03-01,6995,"Total expenditures accrual",NA,"OK",NA
"rw","Germany","Expenditures","2025-03-15",4286,NA,NA,NA,NA,NA,NA,NA,2025-03-01,4286,"Total expenditures accrual",NA,"OK",NA
"rw","Germany","Expenditures","2025-03-27",4286,NA,NA,NA,NA,NA,NA,NA,2025-03-01,4286,"Total expenditures accrual",NA,"OK",NA
"rw","Germany","Expenditures","2025-04-01",4286,NA,NA,NA,NA,NA,NA,NA,2025-04-01,4286,"Total expenditures accrual",NA,"OK",NA
"rw","Germany","Expenditures","2025-04-02",4286,NA,NA,NA,NA,NA,NA,NA,2025-04-01,4286,"Total expenditures accrual",NA,"OK",NA
"rw","Germany","Expenditures","2025-04-15",4286,NA,NA,NA,NA,NA,NA,NA,2025-04-01,4286,"Total expenditures accrual",NA,"OK",NA
"rw","Germany","Expenditures","2025-04-27",4286,NA,NA,NA,NA,NA,NA,NA,2025-04-01,4286,"Total expenditures accrual",NA,"OK",NA
"rw","Germany","Expenditures","2025-05-01",4286,NA,NA,NA,NA,NA,NA,NA,2025-05-01,4286,"Total expenditures accrual",NA,"OK",NA
"rw","Germany","Expenditures","2025-05-04",4286,NA,NA,NA,NA,NA,NA,NA,2025-05-01,4286,"Total expenditures accrual",NA,"OK",NA
"rw","Germany","Expenditures","2025-05-15",4286,NA,NA,NA,NA,NA,NA,NA,2025-05-01,4286,"Total expenditures accrual",NA,"OK",NA
"rw","Germany","Expenditures","2025-05-27",4286,NA,NA,NA,NA,NA,NA,NA,2025-05-01,4286,"Total expenditures accrual",NA,"OK",NA
"rw","Germany","Expenditures","2025-06-01",4286,NA,NA,NA,NA,NA,NA,NA,2025-06-01,4286,"Total expenditures accrual",NA,"OK",NA
"rw","Germany","Expenditures","2025-06-07",4286,NA,NA,NA,NA,NA,NA,NA,2025-06-01,4286,"Total expenditures accrual",NA,"OK",NA
"rw","Germany","Expenditures","2025-06-15",7477,NA,NA,NA,NA,NA,NA,NA,2025-06-01,7477,"Total expenditures accrual",NA,"OK",NA
"rw","Germany","Expenditures","2025-06-27",7477,NA,NA,NA,NA,NA,NA,NA,2025-06-01,7477,"Total expenditures accrual",NA,"OK",NA
"rw","Germany","Expenditures","2025-07-01",7477,NA,NA,NA,NA,NA,NA,NA,2025-07-01,7477,"Total expenditures accrual",NA,"OK",NA
"rw","Germany","Expenditures","2025-07-02",7477,NA,NA,NA,NA,NA,NA,NA,2025-07-01,7477,"Total expenditures accrual",NA,"OK",NA
"rw","Germany","Expenditures","2025-07-15",7477,NA,NA,NA,NA,NA,NA,NA,2025-07-01,7477,"Total expenditures accrual",NA,"OK",NA
"rw","Germany","Expenditures","2025-07-27",7477,NA,NA,NA,NA,NA,NA,NA,2025-07-01,7477,"Total expenditures accrual",NA,"OK",NA
"rw","Germany","Expenditures","2025-08-01",7477,NA,NA,NA,NA,NA,NA,NA,2025-08-01,7477,"Total expenditures accrual",NA,"OK",NA
"rw","Germany","Expenditures","2025-08-05",7477,NA,NA,NA,NA,NA,NA,NA,2025-08-01,7477,"Total expenditures accrual",NA,"OK",NA
"rw","Germany","Expenditures","2025-08-15",7477,NA,NA,NA,NA,NA,NA,NA,2025-08-01,7477,"Total expenditures accrual",NA,"OK",NA
"rw","Germany","Expenditures","2025-08-27",7477,NA,NA,NA,NA,NA,NA,NA,2025-08-01,7477,"Total expenditures accrual",NA,"OK",NA
"rw","Germany","Expenditures","2025-09-01",7477,NA,NA,NA,NA,NA,NA,NA,2025-09-01,7477,"Total expenditures accrual",NA,"OK",NA
"rw","Germany","Expenditures","2025-09-15",9968,NA,NA,NA,NA,NA,NA,NA,2025-09-01,9968,"Total expenditures accrual",NA,"OK",NA
"rw","Germany","Expenditures","2025-09-27",9968,NA,NA,NA,NA,NA,NA,NA,2025-09-01,9968,"Total expenditures accrual",NA,"OK",NA
"rw","Germany","Expenditures","2025-10-01",9968,NA,NA,NA,NA,NA,NA,NA,2025-10-01,9968,"Total expenditures accrual",NA,"OK",NA
"rw","Germany","Expenditures","2025-10-03",9968,NA,NA,NA,NA,NA,NA,NA,2025-10-01,9968,"Total expenditures accrual",NA,"OK",NA
"rw","Germany","Expenditures","2025-10-15",9968,NA,NA,NA,NA,NA,NA,NA,2025-10-01,9968,"Total expenditures accrual",NA,"OK",NA
"rw","Germany","Expenditures","2025-10-27",9968,NA,NA,NA,NA,NA,NA,NA,2025-10-01,9968,"Total expenditures accrual",NA,"OK",NA
"rw","Germany","Expenditures","2025-11-01",9968,NA,NA,NA,NA,NA,NA,NA,2025-11-01,9968,"Total expenditures accrual",NA,"OK",NA
"rw","Germany","Expenditures","2025-11-06",9968,NA,NA,NA,NA,NA,NA,NA,2025-11-01,9968,"Total expenditures accrual",NA,"OK",NA
"rw","Germany","Expenditures","2025-11-15",9968,NA,NA,NA,NA,NA,NA,NA,2025-11-01,9968,"Total expenditures accrual",NA,"OK",NA
"rw","Germany","Expenditures","2025-11-27",9968,NA,NA,NA,NA,NA,NA,NA,2025-11-01,9968,"Total expenditures accrual",NA,"OK",NA
"rw","Germany","Expenditures","2025-12-01",9968,NA,NA,NA,NA,NA,NA,NA,2025-12-01,9968,"Total expenditures accrual",NA,"OK",NA
"rw","Germany","Expenditures","2025-12-15",9968,NA,NA,NA,NA,NA,NA,NA,2025-12-01,9968,"Total expenditures accrual",NA,"OK",NA
"rw","Germany","Expenditures","2025-12-27",9968,NA,NA,NA,NA,NA,NA,NA,2025-12-01,9968,"Total expenditures accrual",NA,"OK",NA
"rw","Germany","Expenditures","2026-01-15",9968,NA,NA,NA,NA,NA,NA,NA,2026-01-01,9968,"Total expenditures accrual",NA,"OK",NA
"rw","Germany","Expenditures","2026-02-15",9968,NA,NA,NA,NA,NA,NA,NA,2026-02-01,9968,"Total expenditures accrual",NA,"OK",NA
"rw","Germany","Expenditures","2026-03-15",9968,NA,NA,NA,NA,NA,NA,NA,2026-03-01,9968,"Total expenditures accrual",NA,"OK",NA
